BINARY;BINARY_CLASS;END_DATA;MACHINE-TYPE;BINARY_FLAGS;ARCH_GUESSED;ELF-DATA;MD5SUM;
/logs/firmware/unblob_extracted/firmware_extract/1446946-7513122.squashfs_v4_le_extract/sbin/pppoe;ELF32;2's complement, big endian;MIPS R3000;0x1007,noreorder,pic,cpic,o32,mips1;  ,GCC: (GNU) 3.3.2,GCC: (GNU) 4.4.5-1.5.5p4,;ELF 32-bit MSB executable, MIPS, MIPS-I version 1 (SYSV), dynamically linked, interpreter /lib/ld-uClibc.so.0, stripped;59b91cade66a98b66478297c14c808c4;
/logs/firmware/unblob_extracted/firmware_extract/1446946-7513122.squashfs_v4_le_extract/sbin/pppoe-server;ELF32;2's complement, big endian;MIPS R3000;0x1007,noreorder,pic,cpic,o32,mips1;  ,GCC: (GNU) 3.3.2,GCC: (GNU) 4.4.5-1.5.5p4,;ELF 32-bit MSB executable, MIPS, MIPS-I version 1 (SYSV), dynamically linked, interpreter /lib/ld-uClibc.so.0, with debug_info, not stripped;1484353a09a342036517a124e8ff8d72;
/logs/firmware/unblob_extracted/firmware_extract/1446946-7513122.squashfs_v4_le_extract/sbin/xtables-multi;ELF32;2's complement, big endian;MIPS R3000;0x1007,noreorder,pic,cpic,o32,mips1;  ,GCC: (GNU) 3.3.2,GCC: (GNU) 4.4.5-1.5.5p4,;ELF 32-bit MSB executable, MIPS, MIPS-I version 1 (SYSV), dynamically linked, interpreter /lib/ld-uClibc.so.0, stripped;f610d5ab7d17bd9ce83c772abea3b331;
/logs/firmware/unblob_extracted/firmware_extract/1446946-7513122.squashfs_v4_le_extract/sbin/reboot;ELF32;2's complement, big endian;MIPS R3000;0x1007,noreorder,pic,cpic,o32,mips1;  ,GCC: (GNU) 3.3.2,GCC: (GNU) 4.4.5-1.5.5p4,;ELF 32-bit MSB executable, MIPS, MIPS-I version 1 (SYSV), dynamically linked, interpreter /lib/ld-uClibc.so.0, stripped;88977f0f2f9b8eb6197a3c810678a8e4;
/logs/firmware/unblob_extracted/firmware_extract/1446946-7513122.squashfs_v4_le_extract/sbin/iwcontrol;ELF32;2's complement, big endian;MIPS R3000;0x1007,noreorder,pic,cpic,o32,mips1;  ,GCC: (GNU) 3.3.2,GCC: (GNU) 4.4.5-1.5.5p4,;ELF 32-bit MSB executable, MIPS, MIPS-I version 1 (SYSV), dynamically linked, interpreter /lib/ld-uClibc.so.0, stripped;8e57ae8a0cbab2f9f7c51316a47e0738;
/logs/firmware/unblob_extracted/firmware_extract/1446946-7513122.squashfs_v4_le_extract/sbin/pppoe-relay;ELF32;2's complement, big endian;MIPS R3000;0x1007,noreorder,pic,cpic,o32,mips1;  ,GCC: (GNU) 3.3.2,GCC: (GNU) 4.4.5-1.5.5p4,;ELF 32-bit MSB executable, MIPS, MIPS-I version 1 (SYSV), dynamically linked, interpreter /lib/ld-uClibc.so.0, with debug_info, not stripped;dcb34084cac700d102902b4a33c923fc;
/logs/firmware/unblob_extracted/firmware_extract/1446946-7513122.squashfs_v4_le_extract/sbin/pppoe-sniff;ELF32;2's complement, big endian;MIPS R3000;0x1007,noreorder,pic,cpic,o32,mips1;  ,GCC: (GNU) 3.3.2,GCC: (GNU) 4.4.5-1.5.5p4,;ELF 32-bit MSB executable, MIPS, MIPS-I version 1 (SYSV), dynamically linked, interpreter /lib/ld-uClibc.so.0, with debug_info, not stripped;707eeac49b92176c199070a3c6832136;
/logs/firmware/unblob_extracted/firmware_extract/1446946-7513122.squashfs_v4_le_extract/usr/sbin/netmgr;ELF32;2's complement, big endian;MIPS R3000;0x1007,noreorder,pic,cpic,o32,mips1;  ,GCC: (GNU) 3.3.2,GCC: (GNU) 4.4.5-1.5.5p4,;ELF 32-bit MSB executable, MIPS, MIPS-I version 1 (SYSV), dynamically linked, interpreter /lib/ld-uClibc.so.0, stripped;7bf6985ece2d8285ceb960d62f15153a;
/logs/firmware/unblob_extracted/firmware_extract/1446946-7513122.squashfs_v4_le_extract/usr/sbin/fw_upgrade;ELF32;2's complement, big endian;MIPS R3000;0x1007,noreorder,pic,cpic,o32,mips1;  ,GCC: (GNU) 3.3.2,GCC: (GNU) 4.4.5-1.5.5p4,;ELF 32-bit MSB executable, MIPS, MIPS-I version 1 (SYSV), dynamically linked, interpreter /lib/ld-uClibc.so.0, stripped;ed66321c4b3d8950499b0150689b6384;
/logs/firmware/unblob_extracted/firmware_extract/1446946-7513122.squashfs_v4_le_extract/usr/sbin/hnap_push_service;ELF32;2's complement, big endian;MIPS R3000;0x1007,noreorder,pic,cpic,o32,mips1;  ,GCC: (GNU) 3.3.2,GCC: (GNU) 4.4.5-1.5.5p4,;ELF 32-bit MSB executable, MIPS, MIPS-I version 1 (SYSV), dynamically linked, interpreter /lib/ld-uClibc.so.0, stripped;a0ae0ba3cfffd95e2b7eae2fb048d1b8;
/logs/firmware/unblob_extracted/firmware_extract/1446946-7513122.squashfs_v4_le_extract/usr/sbin/makeDevUid;ELF32;2's complement, big endian;MIPS R3000;0x1007,noreorder,pic,cpic,o32,mips1;  ,GCC: (GNU) 3.3.2,GCC: (GNU) 4.4.5-1.5.5p4,;ELF 32-bit MSB executable, MIPS, MIPS-I version 1 (SYSV), dynamically linked, interpreter /lib/ld-uClibc.so.0, stripped;1aacb2d3335c282788eb5dff2eb57084;
/logs/firmware/unblob_extracted/firmware_extract/1446946-7513122.squashfs_v4_le_extract/usr/sbin/getpreviewimg;ELF32;2's complement, big endian;MIPS R3000;0x1007,noreorder,pic,cpic,o32,mips1;  ,GCC: (GNU) 3.3.2,GCC: (GNU) 4.4.5-1.5.5p4,;ELF 32-bit MSB executable, MIPS, MIPS-I version 1 (SYSV), dynamically linked, interpreter /lib/ld-uClibc.so.0, stripped;0f0bdaf7b8ff01510f0d00d23212a227;
/logs/firmware/unblob_extracted/firmware_extract/1446946-7513122.squashfs_v4_le_extract/usr/sbin/hnap_tool_wifi_sitesurvey;ELF32;2's complement, big endian;MIPS R3000;0x1007,noreorder,pic,cpic,o32,mips1;  ,GCC: (GNU) 3.3.2,GCC: (GNU) 4.4.5-1.5.5p4,;ELF 32-bit MSB executable, MIPS, MIPS-I version 1 (SYSV), dynamically linked, interpreter /lib/ld-uClibc.so.0, stripped;283e13c01ed7e7becd7e9574c2bd6354;
/logs/firmware/unblob_extracted/firmware_extract/1446946-7513122.squashfs_v4_le_extract/usr/sbin/sysmgr;ELF32;2's complement, big endian;MIPS R3000;0x1007,noreorder,pic,cpic,o32,mips1;  ,GCC: (GNU) 3.3.2,GCC: (GNU) 4.4.5-1.5.5p4,;ELF 32-bit MSB executable, MIPS, MIPS-I version 1 (SYSV), dynamically linked, interpreter /lib/ld-uClibc.so.0, stripped;62f33e5c9690186718b8c640788dafcd;
/logs/firmware/unblob_extracted/firmware_extract/1446946-7513122.squashfs_v4_le_extract/usr/sbin/rscam_uvc;ELF32;2's complement, big endian;MIPS R3000;0x1007,noreorder,pic,cpic,o32,mips1;  ,GCC: (GNU) 3.3.2,GCC: (GNU) 4.4.5-1.5.5p4,;ELF 32-bit MSB executable, MIPS, MIPS-I version 1 (SYSV), dynamically linked, interpreter /lib/ld-uClibc.so.0, stripped;4c34c066ddf41cb922f968ad1befb98b;
/logs/firmware/unblob_extracted/firmware_extract/1446946-7513122.squashfs_v4_le_extract/usr/sbin/ipfind;ELF32;2's complement, big endian;MIPS R3000;0x1007,noreorder,pic,cpic,o32,mips1;  ,GCC: (GNU) 3.3.2,GCC: (GNU) 4.4.5-1.5.5p4,;ELF 32-bit MSB executable, MIPS, MIPS-I version 1 (SYSV), dynamically linked, interpreter /lib/ld-uClibc.so.0, stripped;a5af5cde1748691d6cc5c097e3460fcd;
/logs/firmware/unblob_extracted/firmware_extract/1446946-7513122.squashfs_v4_le_extract/usr/sbin/twinkling;ELF32;2's complement, big endian;MIPS R3000;0x1007,noreorder,pic,cpic,o32,mips1;  ,GCC: (GNU) 3.3.2,GCC: (GNU) 4.4.5-1.5.5p4,;ELF 32-bit MSB executable, MIPS, MIPS-I version 1 (SYSV), dynamically linked, interpreter /lib/ld-uClibc.so.0, stripped;71d9535e0622c5f0bd815a3e294bad7b;
/logs/firmware/unblob_extracted/firmware_extract/1446946-7513122.squashfs_v4_le_extract/usr/sbin/upnp_igd;ELF32;2's complement, big endian;MIPS R3000;0x1007,noreorder,pic,cpic,o32,mips1;  ,GCC: (GNU) 3.3.2,GCC: (GNU) 4.4.5-1.5.5p4,;ELF 32-bit MSB executable, MIPS, MIPS-I version 1 (SYSV), dynamically linked, interpreter /lib/ld-uClibc.so.0, stripped;00ff666e5afa9b2d40cafea452b4bf17;
/logs/firmware/unblob_extracted/firmware_extract/1446946-7513122.squashfs_v4_le_extract/usr/sbin/openssl;ELF32;2's complement, big endian;MIPS R3000;0x1007,noreorder,pic,cpic,o32,mips1;  ,GCC: (GNU) 3.3.2,GCC: (GNU) 4.4.5-1.5.5p4,;ELF 32-bit MSB executable, MIPS, MIPS-I version 1 (SYSV), dynamically linked, interpreter /lib/ld-uClibc.so.0, stripped;f17db6eddd2e8dfa110b550a9752402c;
/logs/firmware/unblob_extracted/firmware_extract/1446946-7513122.squashfs_v4_le_extract/usr/sbin/ntpclient;ELF32;2's complement, big endian;MIPS R3000;0x1007,noreorder,pic,cpic,o32,mips1;  ,GCC: (GNU) 3.3.2,GCC: (GNU) 4.4.5-1.5.5p4,;ELF 32-bit MSB executable, MIPS, MIPS-I version 1 (SYSV), dynamically linked, interpreter /lib/ld-uClibc.so.0, stripped;95e2ff57550687044d8ba546ffd0b07b;
/logs/firmware/unblob_extracted/firmware_extract/1446946-7513122.squashfs_v4_le_extract/usr/sbin/makeBonjourFile;ELF32;2's complement, big endian;MIPS R3000;0x1007,noreorder,pic,cpic,o32,mips1;  ,GCC: (GNU) 3.3.2,GCC: (GNU) 4.4.5-1.5.5p4,;ELF 32-bit MSB executable, MIPS, MIPS-I version 1 (SYSV), dynamically linked, interpreter /lib/ld-uClibc.so.0, stripped;04e72483b36e708e30ab2604efe9a3d7;
/logs/firmware/unblob_extracted/firmware_extract/1446946-7513122.squashfs_v4_le_extract/usr/sbin/bundle_restore;ELF32;2's complement, big endian;MIPS R3000;0x1007,noreorder,pic,cpic,o32,mips1;  ,GCC: (GNU) 3.3.2,GCC: (GNU) 4.4.5-1.5.5p4,;ELF 32-bit MSB executable, MIPS, MIPS-I version 1 (SYSV), dynamically linked, interpreter /lib/ld-uClibc.so.0, stripped;c636b2b48de97b3293910f89a23bc320;
/logs/firmware/unblob_extracted/firmware_extract/1446946-7513122.squashfs_v4_le_extract/usr/sbin/rtkmib;ELF32;2's complement, big endian;MIPS R3000;0x1007,noreorder,pic,cpic,o32,mips1;  ,GCC: (GNU) 3.3.2,GCC: (GNU) 4.4.5-1.5.5p4,;ELF 32-bit MSB executable, MIPS, MIPS-I version 1 (SYSV), dynamically linked, interpreter /lib/ld-uClibc.so.0, stripped;5cab2beb053801c73c1222f2ea389ae3;
/logs/firmware/unblob_extracted/firmware_extract/1446946-7513122.squashfs_v4_le_extract/usr/sbin/msger;ELF32;2's complement, big endian;MIPS R3000;0x1007,noreorder,pic,cpic,o32,mips1;  ,GCC: (GNU) 3.3.2,GCC: (GNU) 4.4.5-1.5.5p4,;ELF 32-bit MSB executable, MIPS, MIPS-I version 1 (SYSV), dynamically linked, interpreter /lib/ld-uClibc.so.0, stripped;289c709703c8ca8fa977546868afecf8;
/logs/firmware/unblob_extracted/firmware_extract/1446946-7513122.squashfs_v4_le_extract/usr/sbin/mDNSClientPosix;ELF32;2's complement, big endian;MIPS R3000;0x1007,noreorder,pic,cpic,o32,mips1;  ,GCC: (GNU) 3.3.2,GCC: (GNU) 4.4.5-1.5.5p4,;ELF 32-bit MSB executable, MIPS, MIPS-I version 1 (SYSV), dynamically linked, interpreter /lib/ld-uClibc.so.0, stripped;d6fd18611b3455a37b63c1eb9e324b7c;
/logs/firmware/unblob_extracted/firmware_extract/1446946-7513122.squashfs_v4_le_extract/usr/sbin/userconfig;ELF32;2's complement, big endian;MIPS R3000;0x1007,noreorder,pic,cpic,o32,mips1;  ,GCC: (GNU) 3.3.2,GCC: (GNU) 4.4.5-1.5.5p4,;ELF 32-bit MSB executable, MIPS, MIPS-I version 1 (SYSV), dynamically linked, interpreter /lib/ld-uClibc.so.0, stripped;8b8dd885c880798f52cb9b1f14b4ced0;
/logs/firmware/unblob_extracted/firmware_extract/1446946-7513122.squashfs_v4_le_extract/usr/sbin/wanip_detect;ELF32;2's complement, big endian;MIPS R3000;0x1007,noreorder,pic,cpic,o32,mips1;  ,GCC: (GNU) 3.3.2,GCC: (GNU) 4.4.5-1.5.5p4,;ELF 32-bit MSB executable, MIPS, MIPS-I version 1 (SYSV), dynamically linked, interpreter /lib/ld-uClibc.so.0, stripped;1cc880b9a456fb6a07f21bfdb2dc3687;
/logs/firmware/unblob_extracted/firmware_extract/1446946-7513122.squashfs_v4_le_extract/usr/sbin/mdb;ELF32;2's complement, big endian;MIPS R3000;0x1007,noreorder,pic,cpic,o32,mips1;  ,GCC: (GNU) 3.3.2,GCC: (GNU) 4.4.5-1.5.5p4,;ELF 32-bit MSB executable, MIPS, MIPS-I version 1 (SYSV), dynamically linked, interpreter /lib/ld-uClibc.so.0, stripped;036694baafe6d7f8340df59574599dfe;
/logs/firmware/unblob_extracted/firmware_extract/1446946-7513122.squashfs_v4_le_extract/usr/sbin/rtsp/rtspd;ELF32;2's complement, big endian;MIPS R3000;0x1007,noreorder,pic,cpic,o32,mips1;  ,GCC: (GNU) 3.3.2,GCC: (GNU) 4.4.5-1.5.5p4,;ELF 32-bit MSB executable, MIPS, MIPS-I version 1 (SYSV), dynamically linked, interpreter /lib/ld-uClibc.so.0, stripped;156abccf2d2fc72f8b7a66fa17c645ed;
/logs/firmware/unblob_extracted/firmware_extract/1446946-7513122.squashfs_v4_le_extract/usr/sbin/ddns;ELF32;2's complement, big endian;MIPS R3000;0x1007,noreorder,pic,cpic,o32,mips1;  ,GCC: (GNU) 3.3.2,GCC: (GNU) 4.4.5-1.5.5p4,;ELF 32-bit MSB executable, MIPS, MIPS-I version 1 (SYSV), dynamically linked, interpreter /lib/ld-uClibc.so.0, stripped;8688bd841f74f40a8a31f9425f5706f6;
/logs/firmware/unblob_extracted/firmware_extract/1446946-7513122.squashfs_v4_le_extract/usr/sbin/dlinkpsk;ELF32;2's complement, big endian;MIPS R3000;0x1007,noreorder,pic,cpic,o32,mips1;  ,GCC: (GNU) 3.3.2,GCC: (GNU) 4.4.5-1.5.5p4,;ELF 32-bit MSB executable, MIPS, MIPS-I version 1 (SYSV), dynamically linked, interpreter /lib/ld-uClibc.so.0, stripped;6f0a58ad66cec5e668c7ad72ee6a813a;
/logs/firmware/unblob_extracted/firmware_extract/1446946-7513122.squashfs_v4_le_extract/usr/sbin/hwmon;ELF32;2's complement, big endian;MIPS R3000;0x1007,noreorder,pic,cpic,o32,mips1;  ,GCC: (GNU) 3.3.2,GCC: (GNU) 4.4.5-1.5.5p4,;ELF 32-bit MSB executable, MIPS, MIPS-I version 1 (SYSV), dynamically linked, interpreter /lib/ld-uClibc.so.0, stripped;abae5e492f083f029791b78ab7f36f95;
/logs/firmware/unblob_extracted/firmware_extract/1446946-7513122.squashfs_v4_le_extract/usr/sbin/upnp;ELF32;2's complement, big endian;MIPS R3000;0x1007,noreorder,pic,cpic,o32,mips1;  ,GCC: (GNU) 3.3.2,GCC: (GNU) 4.4.5-1.5.5p4,;ELF 32-bit MSB executable, MIPS, MIPS-I version 1 (SYSV), dynamically linked, interpreter /lib/ld-uClibc.so.0, stripped;8231d7c131d2db259fb7d852ac56160f;
/logs/firmware/unblob_extracted/firmware_extract/1446946-7513122.squashfs_v4_le_extract/usr/sbin/factory_reset;ELF32;2's complement, big endian;MIPS R3000;0x1007,noreorder,pic,cpic,o32,mips1;  ,GCC: (GNU) 3.3.2,GCC: (GNU) 4.4.5-1.5.5p4,;ELF 32-bit MSB executable, MIPS, MIPS-I version 1 (SYSV), dynamically linked, interpreter /lib/ld-uClibc.so.0, stripped;0b29d37c2e14ffe1b6759f2962ebd890;
/logs/firmware/unblob_extracted/firmware_extract/1446946-7513122.squashfs_v4_le_extract/usr/sbin/schboot;ELF32;2's complement, big endian;MIPS R3000;0x1007,noreorder,pic,cpic,o32,mips1;  ,GCC: (GNU) 3.3.2,GCC: (GNU) 4.4.5-1.5.5p4,;ELF 32-bit MSB executable, MIPS, MIPS-I version 1 (SYSV), dynamically linked, interpreter /lib/ld-uClibc.so.0, stripped;41285d8f734033662454ffea3f18b7dd;
/logs/firmware/unblob_extracted/firmware_extract/1446946-7513122.squashfs_v4_le_extract/usr/sbin/mDNSResponderPosix;ELF32;2's complement, big endian;MIPS R3000;0x1007,noreorder,pic,cpic,o32,mips1;  ,GCC: (GNU) 3.3.2,GCC: (GNU) 4.4.5-1.5.5p4,;ELF 32-bit MSB executable, MIPS, MIPS-I version 1 (SYSV), dynamically linked, interpreter /lib/ld-uClibc.so.0, stripped;c86e23c143b7f6d1eec37db0df33ae92;
/logs/firmware/unblob_extracted/firmware_extract/1446946-7513122.squashfs_v4_le_extract/usr/sbin/httpd-manager;ELF32;2's complement, big endian;MIPS R3000;0x1007,noreorder,pic,cpic,o32,mips1;  ,GCC: (GNU) 3.3.2,GCC: (GNU) 4.4.5-1.5.5p4,;ELF 32-bit MSB executable, MIPS, MIPS-I version 1 (SYSV), dynamically linked, interpreter /lib/ld-uClibc.so.0, stripped;7e1b53f1072526ac9456ddf90ee7ecdd;
/logs/firmware/unblob_extracted/firmware_extract/1446946-7513122.squashfs_v4_le_extract/usr/sbin/mkdosfs;ELF32;2's complement, big endian;MIPS R3000;0x1007,noreorder,pic,cpic,o32,mips1;  ,GCC: (GNU) 3.3.2,GCC: (GNU) 4.4.5-1.5.5p4,;ELF 32-bit MSB executable, MIPS, MIPS-I version 1 (SYSV), dynamically linked, interpreter /lib/ld-uClibc.so.0, stripped;d40c7d7aa3537daa17919612ebc4d995;
/logs/firmware/unblob_extracted/firmware_extract/1446946-7513122.squashfs_v4_le_extract/usr/sbin/cfg;ELF32;2's complement, big endian;MIPS R3000;0x1007,noreorder,pic,cpic,o32,mips1;  ,GCC: (GNU) 3.3.2,GCC: (GNU) 4.4.5-1.5.5p4,;ELF 32-bit MSB executable, MIPS, MIPS-I version 1 (SYSV), dynamically linked, interpreter /lib/ld-uClibc.so.0, stripped;559b0c0a16eed362ee1ef037cc2aa657;
/logs/firmware/unblob_extracted/firmware_extract/1446946-7513122.squashfs_v4_le_extract/usr/sbin/llmnr;ELF32;2's complement, big endian;MIPS R3000;0x1007,noreorder,pic,cpic,o32,mips1;  ,GCC: (GNU) 3.3.2,GCC: (GNU) 4.4.5-1.5.5p4,;ELF 32-bit MSB executable, MIPS, MIPS-I version 1 (SYSV), dynamically linked, interpreter /lib/ld-uClibc.so.0, stripped;e09a2aec7530a57c128f8085805f56ae;
/logs/firmware/unblob_extracted/firmware_extract/1446946-7513122.squashfs_v4_le_extract/usr/sbin/pppd;ELF32;2's complement, big endian;MIPS R3000;0x1007,noreorder,pic,cpic,o32,mips1;  ,GCC: (GNU) 3.3.2,GCC: (GNU) 4.4.5-1.5.5p4,;ELF 32-bit MSB executable, MIPS, MIPS-I version 1 (SYSV), dynamically linked, interpreter /lib/ld-uClibc.so.0, stripped;75d23ae4e66712d05288fe4c0dd1922a;
/logs/firmware/unblob_extracted/firmware_extract/1446946-7513122.squashfs_v4_le_extract/usr/sbin/rtmp/crtmpserver;ELF32;2's complement, big endian;MIPS R3000;0x1007,noreorder,pic,cpic,o32,mips1;  ,GCC: (GNU) 3.3.2,GCC: (GNU) 4.4.5-1.5.5p4,;ELF 32-bit MSB executable, MIPS, MIPS-I version 1 (SYSV), dynamically linked, interpreter /lib/ld-uClibc.so.0, stripped;264c3946544a4b4ff1691fcc7f052be3;
/logs/firmware/unblob_extracted/firmware_extract/1446946-7513122.squashfs_v4_le_extract/usr/sbin/set_passwd;ELF32;2's complement, big endian;MIPS R3000;0x1007,noreorder,pic,cpic,o32,mips1;  ,GCC: (GNU) 3.3.2,GCC: (GNU) 4.4.5-1.5.5p4,;ELF 32-bit MSB executable, MIPS, MIPS-I version 1 (SYSV), dynamically linked, interpreter /lib/ld-uClibc.so.0, stripped;1ef0afaa7ccafbc5b209aad4308cbd56;
/logs/firmware/unblob_extracted/firmware_extract/1446946-7513122.squashfs_v4_le_extract/usr/sbin/elog;ELF32;2's complement, big endian;MIPS R3000;0x1007,noreorder,pic,cpic,o32,mips1;  ,GCC: (GNU) 3.3.2,GCC: (GNU) 4.4.5-1.5.5p4,;ELF 32-bit MSB executable, MIPS, MIPS-I version 1 (SYSV), dynamically linked, interpreter /lib/ld-uClibc.so.0, stripped;fb61112c630c7cae7998caeee263632a;
/logs/firmware/unblob_extracted/firmware_extract/1446946-7513122.squashfs_v4_le_extract/usr/sbin/eventd;ELF32;2's complement, big endian;MIPS R3000;0x1007,noreorder,pic,cpic,o32,mips1;  ,GCC: (GNU) 3.3.2,GCC: (GNU) 4.4.5-1.5.5p4,;ELF 32-bit MSB executable, MIPS, MIPS-I version 1 (SYSV), dynamically linked, interpreter /lib/ld-uClibc.so.0, stripped;6ec51ffba1152310261f7f70435f5443;
/logs/firmware/unblob_extracted/firmware_extract/1446946-7513122.squashfs_v4_le_extract/usr/sbin/md5sum;ELF32;2's complement, big endian;MIPS R3000;0x1007,noreorder,pic,cpic,o32,mips1;  ,GCC: (GNU) 3.3.2,GCC: (GNU) 4.4.5-1.5.5p4,;ELF 32-bit MSB executable, MIPS, MIPS-I version 1 (SYSV), dynamically linked, interpreter /lib/ld-uClibc.so.0, stripped;1dc24c6f0f320ff13d09266598702adb;
/logs/firmware/unblob_extracted/firmware_extract/1446946-7513122.squashfs_v4_le_extract/usr/sbin/ddp;ELF32;2's complement, big endian;MIPS R3000;0x1007,noreorder,pic,cpic,o32,mips1;  ,GCC: (GNU) 3.3.2,GCC: (GNU) 4.4.5-1.5.5p4,;ELF 32-bit MSB executable, MIPS, MIPS-I version 1 (SYSV), dynamically linked, interpreter /lib/ld-uClibc.so.0, stripped;9b2d45fe5a36afb64850bfa9b9a42780;
/logs/firmware/unblob_extracted/firmware_extract/1446946-7513122.squashfs_v4_le_extract/usr/lib/libMsgctrl.so;ELF32;2's complement, big endian;MIPS R3000;0x1007,noreorder,pic,cpic,o32,mips1;  ,GCC: (GNU) 3.3.2,GCC: (GNU) 4.4.5-1.5.5p4,;ELF 32-bit MSB shared object, MIPS, MIPS-I version 1 (SYSV), dynamically linked, stripped;a12850fe342edc996fcc09ff61fba79b;
/logs/firmware/unblob_extracted/firmware_extract/1446946-7513122.squashfs_v4_le_extract/usr/lib/libEventLog.so;ELF32;2's complement, big endian;MIPS R3000;0x1007,noreorder,pic,cpic,o32,mips1;  ,GCC: (GNU) 3.3.2,GCC: (GNU) 4.4.5-1.5.5p4,;ELF 32-bit MSB shared object, MIPS, MIPS-I version 1 (SYSV), dynamically linked, stripped;381e5bca09e11b7f99df31e754729248;
/logs/firmware/unblob_extracted/firmware_extract/1446946-7513122.squashfs_v4_le_extract/usr/lib/libsitelist.so;ELF32;2's complement, big endian;MIPS R3000;0x1007,noreorder,pic,cpic,o32,mips1;  ,GCC: (GNU) 3.3.2,GCC: (GNU) 4.4.5-1.5.5p4,;ELF 32-bit MSB shared object, MIPS, MIPS-I version 1 (SYSV), dynamically linked, stripped;e45f368f0216885ae4e1e038b375cae5;
/logs/firmware/unblob_extracted/firmware_extract/1446946-7513122.squashfs_v4_le_extract/usr/lib/libProfile.so;ELF32;2's complement, big endian;MIPS R3000;0x1007,noreorder,pic,cpic,o32,mips1;  ,GCC: (GNU) 3.3.2,GCC: (GNU) 4.4.5-1.5.5p4,;ELF 32-bit MSB shared object, MIPS, MIPS-I version 1 (SYSV), dynamically linked, stripped;bdfb312dfb732f9d30b8a225aa868f7f;
/logs/firmware/unblob_extracted/firmware_extract/1446946-7513122.squashfs_v4_le_extract/usr/lib/libFVmtd.so;ELF32;2's complement, big endian;MIPS R3000;0x1007,noreorder,pic,cpic,o32,mips1;  ,GCC: (GNU) 3.3.2,GCC: (GNU) 4.4.5-1.5.5p4,;ELF 32-bit MSB shared object, MIPS, MIPS-I version 1 (SYSV), dynamically linked, stripped;ef6f91c3b0df8e53f7edd2327a9645d0;
/logs/firmware/unblob_extracted/firmware_extract/1446946-7513122.squashfs_v4_le_extract/usr/lib/libFVnetwork.so;ELF32;2's complement, big endian;MIPS R3000;0x1007,noreorder,pic,cpic,o32,mips1;  ,GCC: (GNU) 3.3.2,GCC: (GNU) 4.4.5-1.5.5p4,;ELF 32-bit MSB shared object, MIPS, MIPS-I version 1 (SYSV), dynamically linked, stripped;dac38df187323e1a297236558ef02a1d;
/logs/firmware/unblob_extracted/firmware_extract/1446946-7513122.squashfs_v4_le_extract/usr/lib/libFVbase64.so;ELF32;2's complement, big endian;MIPS R3000;0x1007,noreorder,pic,cpic,o32,mips1;  ,GCC: (GNU) 3.3.2,GCC: (GNU) 4.4.5-1.5.5p4,;ELF 32-bit MSB shared object, MIPS, MIPS-I version 1 (SYSV), dynamically linked, stripped;250d5d47abb5fcc17c94962b54a18be4;
/logs/firmware/unblob_extracted/firmware_extract/1446946-7513122.squashfs_v4_le_extract/usr/lib/libRingBuf.so;ELF32;2's complement, big endian;MIPS R3000;0x1007,noreorder,pic,cpic,o32,mips1;  ,GCC: (GNU) 3.3.2,GCC: (GNU) 4.4.5-1.5.5p4,;ELF 32-bit MSB shared object, MIPS, MIPS-I version 1 (SYSV), dynamically linked, stripped;f290ca9dcb36330505282d51cb4d8c04;
/logs/firmware/unblob_extracted/firmware_extract/1446946-7513122.squashfs_v4_le_extract/usr/lib/libcrypto.so.1.0.0;ELF32;2's complement, big endian;MIPS R3000;0x1007,noreorder,pic,cpic,o32,mips1;  ,GCC: (GNU) 3.3.2,GCC: (GNU) 4.4.5-1.5.5p4,;ELF 32-bit MSB shared object, MIPS, MIPS-I version 1 (SYSV), dynamically linked, stripped;5f3c9fff04445e2affb18f5776662459;
/logs/firmware/unblob_extracted/firmware_extract/1446946-7513122.squashfs_v4_le_extract/usr/lib/libasp.so.0;ELF32;2's complement, big endian;MIPS R3000;0x1007,noreorder,pic,cpic,o32,mips1;  ,GCC: (GNU) 3.3.2,GCC: (GNU) 4.4.5-1.5.5p4,;ELF 32-bit MSB shared object, MIPS, MIPS-I version 1 (SYSV), dynamically linked, stripped;01038ad211810c02f66c73ca4e59e56e;
/logs/firmware/unblob_extracted/firmware_extract/1446946-7513122.squashfs_v4_le_extract/usr/lib/libFVbridge.so;ELF32;2's complement, big endian;MIPS R3000;0x1007,noreorder,pic,cpic,o32,mips1;  ,GCC: (GNU) 3.3.2,GCC: (GNU) 4.4.5-1.5.5p4,;ELF 32-bit MSB shared object, MIPS, MIPS-I version 1 (SYSV), dynamically linked, stripped;194d15aca4b626ec802c089a43c7e528;
/logs/firmware/unblob_extracted/firmware_extract/1446946-7513122.squashfs_v4_le_extract/usr/lib/libPayload.so;ELF32;2's complement, big endian;MIPS R3000;0x1007,noreorder,pic,cpic,o32,mips1;  ,GCC: (GNU) 3.3.2,GCC: (GNU) 4.4.5-1.5.5p4,;ELF 32-bit MSB shared object, MIPS, MIPS-I version 1 (SYSV), dynamically linked, stripped;104127ad0e4f2b27956be49afef2d978;
/logs/firmware/unblob_extracted/firmware_extract/1446946-7513122.squashfs_v4_le_extract/usr/lib/libaescrypt.so;ELF32;2's complement, big endian;MIPS R3000;0x1007,noreorder,pic,cpic,o32,mips1;  ,GCC: (GNU) 3.3.2,GCC: (GNU) 4.4.5-1.5.5p4,;ELF 32-bit MSB shared object, MIPS, MIPS-I version 1 (SYSV), dynamically linked, stripped;eccd9c41b31a57547e1e3b2045362443;
/logs/firmware/unblob_extracted/firmware_extract/1446946-7513122.squashfs_v4_le_extract/usr/lib/libHttpNotify.so;ELF32;2's complement, big endian;MIPS R3000;0x1007,noreorder,pic,cpic,o32,mips1;  ,GCC: (GNU) 3.3.2,GCC: (GNU) 4.4.5-1.5.5p4,;ELF 32-bit MSB shared object, MIPS, MIPS-I version 1 (SYSV), dynamically linked, stripped;dec28884ba0b9c49a4ff595d5f3c95f8;
/logs/firmware/unblob_extracted/firmware_extract/1446946-7513122.squashfs_v4_le_extract/usr/lib/libShareInfo.so;ELF32;2's complement, big endian;MIPS R3000;0x1007,noreorder,pic,cpic,o32,mips1;  ,GCC: (GNU) 3.3.2,GCC: (GNU) 4.4.5-1.5.5p4,;ELF 32-bit MSB shared object, MIPS, MIPS-I version 1 (SYSV), dynamically linked, stripped;07c6980d792680a56fcc17e64f1d0f2a;
/logs/firmware/unblob_extracted/firmware_extract/1446946-7513122.squashfs_v4_le_extract/usr/lib/libFVwireless.so;ELF32;2's complement, big endian;MIPS R3000;0x1007,noreorder,pic,cpic,o32,mips1;  ,GCC: (GNU) 3.3.2,GCC: (GNU) 4.4.5-1.5.5p4,;ELF 32-bit MSB shared object, MIPS, MIPS-I version 1 (SYSV), dynamically linked, stripped;15df5cb55a4c6ae9978260da398db90c;
/logs/firmware/unblob_extracted/firmware_extract/1446946-7513122.squashfs_v4_le_extract/usr/lib/libssl.so.1.0.0;ELF32;2's complement, big endian;MIPS R3000;0x1007,noreorder,pic,cpic,o32,mips1;  ,GCC: (GNU) 3.3.2,GCC: (GNU) 4.4.5-1.5.5p4,;ELF 32-bit MSB shared object, MIPS, MIPS-I version 1 (SYSV), dynamically linked, stripped;1c7273025539f900e3334dd50fee64e3;
/logs/firmware/unblob_extracted/firmware_extract/1446946-7513122.squashfs_v4_le_extract/usr/lib/libutl.so.0;ELF32;2's complement, big endian;MIPS R3000;0x1007,noreorder,pic,cpic,o32,mips1;  ,GCC: (GNU) 3.3.2,GCC: (GNU) 4.4.5-1.5.5p4,;ELF 32-bit MSB shared object, MIPS, MIPS-I version 1 (SYSV), dynamically linked, stripped;6cd81c89cf129aed5861eb44b1f00590;
/logs/firmware/unblob_extracted/firmware_extract/1446946-7513122.squashfs_v4_le_extract/usr/lib/libweb.so.0;ELF32;2's complement, big endian;MIPS R3000;0x1007,noreorder,pic,cpic,o32,mips1;  ,GCC: (GNU) 3.3.2,GCC: (GNU) 4.4.5-1.5.5p4,;ELF 32-bit MSB shared object, MIPS, MIPS-I version 1 (SYSV), dynamically linked, stripped;06e3b276a98eea46c8545644596c904a;
/logs/firmware/unblob_extracted/firmware_extract/1446946-7513122.squashfs_v4_le_extract/usr/lib/libcfgbackup.so;ELF32;2's complement, big endian;MIPS R3000;0x1007,noreorder,pic,cpic,o32,mips1;  ,GCC: (GNU) 3.3.2,GCC: (GNU) 4.4.5-1.5.5p4,;ELF 32-bit MSB shared object, MIPS, MIPS-I version 1 (SYSV), dynamically linked, stripped;1bfef28997937a89e1a086c8d317ffc1;
/logs/firmware/unblob_extracted/firmware_extract/1446946-7513122.squashfs_v4_le_extract/usr/lib/libixml.so.2.0.4;ELF32;2's complement, big endian;MIPS R3000;0x1007,noreorder,pic,cpic,o32,mips1;  ,GCC: (GNU) 3.3.2,GCC: (GNU) 4.4.5-1.5.5p4,;ELF 32-bit MSB shared object, MIPS, MIPS-I version 1 (SYSV), dynamically linked, stripped;c7ed8eee4eab8386ff052e96c0bc0561;
/logs/firmware/unblob_extracted/firmware_extract/1446946-7513122.squashfs_v4_le_extract/usr/lib/libcfg.so;ELF32;2's complement, big endian;MIPS R3000;0x1007,noreorder,pic,cpic,o32,mips1;  ,GCC: (GNU) 3.3.2,GCC: (GNU) 4.4.5-1.5.5p4,;ELF 32-bit MSB shared object, MIPS, MIPS-I version 1 (SYSV), dynamically linked, stripped;ff40a121f5a8c5e7eb48d90e9867b3a5;
/logs/firmware/unblob_extracted/firmware_extract/1446946-7513122.squashfs_v4_le_extract/usr/lib/libUserConfig.so;ELF32;2's complement, big endian;MIPS R3000;0x1007,noreorder,pic,cpic,o32,mips1;  ,GCC: (GNU) 3.3.2,GCC: (GNU) 4.4.5-1.5.5p4,;ELF 32-bit MSB shared object, MIPS, MIPS-I version 1 (SYSV), dynamically linked, stripped;fb92fb253abb903818962c20738cc090;
/logs/firmware/unblob_extracted/firmware_extract/1446946-7513122.squashfs_v4_le_extract/usr/lib/librtkmib.so;ELF32;2's complement, big endian;MIPS R3000;0x1007,noreorder,pic,cpic,o32,mips1;  ,GCC: (GNU) 3.3.2,GCC: (GNU) 4.4.5-1.5.5p4,;ELF 32-bit MSB shared object, MIPS, MIPS-I version 1 (SYSV), dynamically linked, stripped;238f1334276582bd03e85639e3d47f0e;
/logs/firmware/unblob_extracted/firmware_extract/1446946-7513122.squashfs_v4_le_extract/usr/lib/libnet.so.0;ELF32;2's complement, big endian;MIPS R3000;0x1007,noreorder,pic,cpic,o32,mips1;  ,GCC: (GNU) 3.3.2,GCC: (GNU) 4.4.5-1.5.5p4,;ELF 32-bit MSB shared object, MIPS, MIPS-I version 1 (SYSV), dynamically linked, stripped;7dfccd118dc6d1771bc2c6e551767c16;
/logs/firmware/unblob_extracted/firmware_extract/1446946-7513122.squashfs_v4_le_extract/usr/lib/libSemafor.so;ELF32;2's complement, big endian;MIPS R3000;0x1007,noreorder,pic,cpic,o32,mips1;  ,GCC: (GNU) 3.3.2,GCC: (GNU) 4.4.5-1.5.5p4,;ELF 32-bit MSB shared object, MIPS, MIPS-I version 1 (SYSV), dynamically linked, stripped;128da32ee6076c31b35b0597cfed90b7;
/logs/firmware/unblob_extracted/firmware_extract/1446946-7513122.squashfs_v4_le_extract/usr/lib/libFtp.so;ELF32;2's complement, big endian;MIPS R3000;0x1007,noreorder,pic,cpic,o32,mips1;  ,GCC: (GNU) 3.3.2,GCC: (GNU) 4.4.5-1.5.5p4,;ELF 32-bit MSB shared object, MIPS, MIPS-I version 1 (SYSV), dynamically linked, stripped;96accc055fc906b2745fa60f35f946da;
/logs/firmware/unblob_extracted/firmware_extract/1446946-7513122.squashfs_v4_le_extract/usr/lib/libFVconfig.so;ELF32;2's complement, big endian;MIPS R3000;0x1007,noreorder,pic,cpic,o32,mips1;  ,GCC: (GNU) 3.3.2,GCC: (GNU) 4.4.5-1.5.5p4,;ELF 32-bit MSB shared object, MIPS, MIPS-I version 1 (SYSV), dynamically linked, stripped;93d13dbc999b7ac280de51b69f963e48;
/logs/firmware/unblob_extracted/firmware_extract/1446946-7513122.squashfs_v4_le_extract/usr/lib/libFVsystem.so;ELF32;2's complement, big endian;MIPS R3000;0x1007,noreorder,pic,cpic,o32,mips1;  ,GCC: (GNU) 3.3.2,GCC: (GNU) 4.4.5-1.5.5p4,;ELF 32-bit MSB shared object, MIPS, MIPS-I version 1 (SYSV), dynamically linked, stripped;0475f1acb71047f6527fec113dd5a96c;
/logs/firmware/unblob_extracted/firmware_extract/1446946-7513122.squashfs_v4_le_extract/usr/lib/libEMail.so;ELF32;2's complement, big endian;MIPS R3000;0x1007,noreorder,pic,cpic,o32,mips1;  ,GCC: (GNU) 3.3.2,GCC: (GNU) 4.4.5-1.5.5p4,;ELF 32-bit MSB shared object, MIPS, MIPS-I version 1 (SYSV), dynamically linked, stripped;c6e525b8f4430bdb5f3ce735dd5e9d8f;
/logs/firmware/unblob_extracted/firmware_extract/1446946-7513122.squashfs_v4_le_extract/usr/bin/iwpriv;ELF32;2's complement, big endian;MIPS R3000;0x1007,noreorder,pic,cpic,o32,mips1;  ,GCC: (GNU) 3.3.2,GCC: (GNU) 4.4.5-1.5.5p4,;ELF 32-bit MSB executable, MIPS, MIPS-I version 1 (SYSV), dynamically linked, interpreter /lib/ld-uClibc.so.0, stripped;e57b35f6d6572ce76868fba947661c35;
/logs/firmware/unblob_extracted/firmware_extract/1446946-7513122.squashfs_v4_le_extract/usr/bin/flash_eraseall;ELF32;2's complement, big endian;MIPS R3000;0x1007,noreorder,pic,cpic,o32,mips1;  ,GCC: (GNU) 3.3.2,GCC: (GNU) 4.4.5-1.5.5p4,;ELF 32-bit MSB executable, MIPS, MIPS-I version 1 (SYSV), dynamically linked, interpreter /lib/ld-uClibc.so.0, stripped;373868c941705aa5888c0c7507a682c4;
/logs/firmware/unblob_extracted/firmware_extract/1446946-7513122.squashfs_v4_le_extract/lib/libutil-0.9.30.3.so;ELF32;2's complement, big endian;MIPS R3000;0x1007,noreorder,pic,cpic,o32,mips1;;ELF 32-bit MSB shared object, MIPS, MIPS-I version 1 (SYSV), dynamically linked, interpreter //ld-uClibc.so.0, stripped;27f584694ff06c5d63e5581acf35feff;
/logs/firmware/unblob_extracted/firmware_extract/1446946-7513122.squashfs_v4_le_extract/lib/libuClibc-0.9.30.3.so;ELF32;2's complement, big endian;MIPS R3000;0x1007,noreorder,pic,cpic,o32,mips1;  ,GCC: (GNU) 4.4.5-1.5.5p4,;ELF 32-bit MSB shared object, MIPS, MIPS-I version 1 (SYSV), dynamically linked, interpreter //ld-uClibc.so.0, stripped;2331509d10c15447b107eb95ee5855e3;
/logs/firmware/unblob_extracted/firmware_extract/1446946-7513122.squashfs_v4_le_extract/lib/libnsl-0.9.30.3.so;ELF32;2's complement, big endian;MIPS R3000;0x1007,noreorder,pic,cpic,o32,mips1;;ELF 32-bit MSB shared object, MIPS, MIPS-I version 1 (SYSV), dynamically linked, interpreter //ld-uClibc.so.0, stripped;c7ad40786aeef994b9f9a49da3cbde4b;
/logs/firmware/unblob_extracted/firmware_extract/1446946-7513122.squashfs_v4_le_extract/lib/modules/hwmon.ko;ELF32;2's complement, big endian;MIPS R3000;0x1001,noreorder,o32,mips1;  ,GCC: (GNU) 4.4.5-1.5.5p4,;ELF 32-bit MSB relocatable, MIPS, MIPS-I version 1 (SYSV), BuildID[sha1]=e0cdd87c9f39c38c1ae128d26f30681e7e39802b, not stripped;7b78b01d11caa6037ec4efe266e8b3a3;
/logs/firmware/unblob_extracted/firmware_extract/1446946-7513122.squashfs_v4_le_extract/lib/modules/al3010.ko;ELF32;2's complement, big endian;MIPS R3000;0x1001,noreorder,o32,mips1;  ,GCC: (GNU) 4.4.5-1.5.5p4,;ELF 32-bit MSB relocatable, MIPS, MIPS-I version 1 (SYSV), BuildID[sha1]=1acc2c5e3c402fc9e4fa9336a40f89201d488fba, not stripped;1c3f3f5208e065eef1962deb26f8aadd;
/logs/firmware/unblob_extracted/firmware_extract/1446946-7513122.squashfs_v4_le_extract/lib/modules/gpio_i2c.ko;ELF32;2's complement, big endian;MIPS R3000;0x1001,noreorder,o32,mips1;  ,GCC: (GNU) 4.4.5-1.5.5p4,;ELF 32-bit MSB relocatable, MIPS, MIPS-I version 1 (SYSV), BuildID[sha1]=f97b791b877dd766cdaee4455a0a3fc228036a7d, not stripped;96356daa161ce9d01ee1fe9e2f68c053;
/logs/firmware/unblob_extracted/firmware_extract/1446946-7513122.squashfs_v4_le_extract/lib/libgcc_s.so.1;ELF32;2's complement, big endian;MIPS R3000;0x1007,noreorder,pic,cpic,o32,mips1;  ,GCC: (GNU) 3.3.2,GCC: (GNU) 4.4.5-1.5.5p4,;ELF 32-bit MSB shared object, MIPS, MIPS-I version 1 (SYSV), dynamically linked, not stripped;255af209e32c64f599aa47ddde3de54c;
/logs/firmware/unblob_extracted/firmware_extract/1446946-7513122.squashfs_v4_le_extract/lib/libpthread-0.9.30.3.so;ELF32;2's complement, big endian;MIPS R3000;0x1007,noreorder,pic,cpic,o32,mips1;  ,GCC: (GNU) 3.3.2,GCC: (GNU) 4.4.5-1.5.5p4,;ELF 32-bit MSB shared object, MIPS, MIPS-I version 1 (SYSV), dynamically linked, interpreter //ld-uClibc.so.0, not stripped;5e41fa32842104bdcfd8e571ad687063;
/logs/firmware/unblob_extracted/firmware_extract/1446946-7513122.squashfs_v4_le_extract/lib/ld-uClibc-0.9.30.3.so;ELF32;2's complement, big endian;MIPS R3000;0x1007,noreorder,pic,cpic,o32,mips1;;ELF 32-bit MSB shared object, MIPS, MIPS-I version 1 (SYSV), static-pie linked, stripped;5af7a5011fc8c7c7af80efa4a6e00df8;
/logs/firmware/unblob_extracted/firmware_extract/1446946-7513122.squashfs_v4_le_extract/lib/librt-0.9.30.3.so;ELF32;2's complement, big endian;MIPS R3000;0x1007,noreorder,pic,cpic,o32,mips1;;ELF 32-bit MSB shared object, MIPS, MIPS-I version 1 (SYSV), dynamically linked, interpreter //ld-uClibc.so.0, stripped;759867627c8d009d2233f1e243731229;
/logs/firmware/unblob_extracted/firmware_extract/1446946-7513122.squashfs_v4_le_extract/lib/libresolv-0.9.30.3.so;ELF32;2's complement, big endian;MIPS R3000;0x1007,noreorder,pic,cpic,o32,mips1;;ELF 32-bit MSB shared object, MIPS, MIPS-I version 1 (SYSV), dynamically linked, interpreter //ld-uClibc.so.0, stripped;b94f79226998313225b5328ff2fafb44;
/logs/firmware/unblob_extracted/firmware_extract/1446946-7513122.squashfs_v4_le_extract/lib/libcrypt-0.9.30.3.so;ELF32;2's complement, big endian;MIPS R3000;0x1007,noreorder,pic,cpic,o32,mips1;;ELF 32-bit MSB shared object, MIPS, MIPS-I version 1 (SYSV), dynamically linked, interpreter //ld-uClibc.so.0, stripped;629c3fea79a66cf00a21311d8eea6e98;
/logs/firmware/unblob_extracted/firmware_extract/1446946-7513122.squashfs_v4_le_extract/lib/libcurl.so.4.3.0;ELF32;2's complement, big endian;MIPS R3000;0x1007,noreorder,pic,cpic,o32,mips1;  ,GCC: (GNU) 3.3.2,GCC: (GNU) 4.4.5-1.5.5p4,;ELF 32-bit MSB shared object, MIPS, MIPS-I version 1 (SYSV), dynamically linked, stripped;1fc4a6a44cd16f7b37e9b4e6030677f9;
/logs/firmware/unblob_extracted/firmware_extract/1446946-7513122.squashfs_v4_le_extract/lib/libstdc++.so.6.0.13;ELF32;2's complement, big endian;MIPS R3000;0x1007,noreorder,pic,cpic,o32,mips1;  ,GCC: (GNU) 3.3.2,GCC: (GNU) 4.4.5-1.5.5p4,;ELF 32-bit MSB shared object, MIPS, MIPS-I version 1 (SYSV), dynamically linked, not stripped;930f751e99ea164b3137441380c64c21;
/logs/firmware/unblob_extracted/firmware_extract/1446946-7513122.squashfs_v4_le_extract/lib/libthread_db-0.9.30.3.so;ELF32;2's complement, big endian;MIPS R3000;0x1007,noreorder,pic,cpic,o32,mips1;;ELF 32-bit MSB shared object, MIPS, MIPS-I version 1 (SYSV), dynamically linked, interpreter //ld-uClibc.so.0, stripped;fce6f567347186cf846a80e531c8f449;
/logs/firmware/unblob_extracted/firmware_extract/1446946-7513122.squashfs_v4_le_extract/lib/libm-0.9.30.3.so;ELF32;2's complement, big endian;MIPS R3000;0x1007,noreorder,pic,cpic,o32,mips1;  ,GCC: (GNU) 4.4.5-1.5.5p4,;ELF 32-bit MSB shared object, MIPS, MIPS-I version 1 (SYSV), dynamically linked, interpreter //ld-uClibc.so.0, stripped;3c91d12250bd2975f54fcb95bdbb4289;
/logs/firmware/unblob_extracted/firmware_extract/1446946-7513122.squashfs_v4_le_extract/lib/libdl-0.9.30.3.so;ELF32;2's complement, big endian;MIPS R3000;0x1007,noreorder,pic,cpic,o32,mips1;;ELF 32-bit MSB shared object, MIPS, MIPS-I version 1 (SYSV), dynamically linked, interpreter //ld-uClibc.so.0, stripped;6c0e659c9376985fc0be1ef9e1d25c1a;
/logs/firmware/unblob_extracted/firmware_extract/1446946-7513122.squashfs_v4_le_extract/mydlink/dcp;ELF32;2's complement, big endian;MIPS R3000;0x1007,noreorder,pic,cpic,o32,mips1;  ,GCC: (GNU) 3.3.2,GCC: (GNU) 4.4.5-1.5.5p4,;ELF 32-bit MSB executable, MIPS, MIPS-I version 1 (SYSV), dynamically linked, interpreter /lib/ld-uClibc.so.0, stripped;aca439cb549dfe386691627c932ff5ab;
/logs/firmware/unblob_extracted/firmware_extract/1446946-7513122.squashfs_v4_le_extract/mydlink/httpd_check;ELF32;2's complement, big endian;MIPS R3000;0x1007,noreorder,pic,cpic,o32,mips1;  ,GCC: (GNU) 3.3.2,GCC: (GNU) 4.4.5-1.5.5p4,;ELF 32-bit MSB executable, MIPS, MIPS-I version 1 (SYSV), dynamically linked, interpreter /lib/ld-uClibc.so.0, stripped;a227b1d7e0aaabb24cea04eba5af86e0;
/logs/firmware/unblob_extracted/firmware_extract/1446946-7513122.squashfs_v4_le_extract/mydlink/tsa;ELF32;2's complement, big endian;MIPS R3000;0x1007,noreorder,pic,cpic,o32,mips1;  ,GCC: (GNU) 3.3.2,GCC: (GNU) 4.4.5-1.5.5p4,;ELF 32-bit MSB executable, MIPS, MIPS-I version 1 (SYSV), dynamically linked, interpreter /lib/ld-uClibc.so.0, stripped;2135d5c03bc9bf48b7de2ddfec010a9d;
/logs/firmware/unblob_extracted/firmware_extract/1446946-7513122.squashfs_v4_le_extract/mydlink/signalc;ELF32;2's complement, big endian;MIPS R3000;0x1007,noreorder,pic,cpic,o32,mips1;  ,GCC: (GNU) 3.3.2,GCC: (GNU) 4.4.5-1.5.5p4,;ELF 32-bit MSB executable, MIPS, MIPS-I version 1 (SYSV), dynamically linked, interpreter /lib/ld-uClibc.so.0, stripped;5f0d2aaee32baf29ac52879cfb4eab8f;
/logs/firmware/unblob_extracted/firmware_extract/1446946-7513122.squashfs_v4_le_extract/mydlink/upnpc-ddns;ELF32;2's complement, big endian;MIPS R3000;0x1007,noreorder,pic,cpic,o32,mips1;  ,GCC: (GNU) 3.3.2,GCC: (GNU) 4.4.5-1.5.5p4,;ELF 32-bit MSB executable, MIPS, MIPS-I version 1 (SYSV), dynamically linked, interpreter /lib/ld-uClibc.so.0, stripped;91a8cbe5ece5addd67df161a61caf0f1;
/logs/firmware/unblob_extracted/firmware_extract/1446946-7513122.squashfs_v4_le_extract/server/camsvr;ELF32;2's complement, big endian;MIPS R3000;0x1007,noreorder,pic,cpic,o32,mips1;  ,GCC: (GNU) 3.3.2,GCC: (GNU) 4.4.5-1.5.5p4,GCC: (Realtek RSDK-4.4.7,;ELF 32-bit MSB executable, MIPS, MIPS-I version 1 (SYSV), dynamically linked, interpreter /lib/ld-uClibc.so.0, stripped;34eb1f1eb8f1fdcaf07f8ca255efcd85;
/logs/firmware/unblob_extracted/firmware_extract/1446946-7513122.squashfs_v4_le_extract/web/httpd;ELF32;2's complement, big endian;MIPS R3000;0x1007,noreorder,pic,cpic,o32,mips1;  ,GCC: (GNU) 3.3.2,GCC: (GNU) 4.4.5-1.5.5p4,;ELF 32-bit MSB executable, MIPS, MIPS-I version 1 (SYSV), dynamically linked, interpreter /lib/ld-uClibc.so.0, stripped;89e1834b12fedb1ae3fdd4240e6e42b1;
/logs/firmware/unblob_extracted/firmware_extract/1446946-7513122.squashfs_v4_le_extract/web/cgi-bin/config/upnp.cgi;ELF32;2's complement, big endian;MIPS R3000;0x1007,noreorder,pic,cpic,o32,mips1;  ,GCC: (GNU) 3.3.2,GCC: (GNU) 4.4.5-1.5.5p4,;ELF 32-bit MSB executable, MIPS, MIPS-I version 1 (SYSV), dynamically linked, interpreter /lib/ld-uClibc.so.0, stripped;0fc59ef75d246dba462531af4a4f81c3;
/logs/firmware/unblob_extracted/firmware_extract/1446946-7513122.squashfs_v4_le_extract/web/cgi-bin/config/user_mod.cgi;ELF32;2's complement, big endian;MIPS R3000;0x1007,noreorder,pic,cpic,o32,mips1;  ,GCC: (GNU) 3.3.2,GCC: (GNU) 4.4.5-1.5.5p4,;ELF 32-bit MSB executable, MIPS, MIPS-I version 1 (SYSV), dynamically linked, interpreter /lib/ld-uClibc.so.0, stripped;182a468f7f8785c3d9fc02e26e0ac333;
/logs/firmware/unblob_extracted/firmware_extract/1446946-7513122.squashfs_v4_le_extract/web/cgi-bin/config/sensor_reset.cgi;ELF32;2's complement, big endian;MIPS R3000;0x1007,noreorder,pic,cpic,o32,mips1;  ,GCC: (GNU) 3.3.2,GCC: (GNU) 4.4.5-1.5.5p4,;ELF 32-bit MSB executable, MIPS, MIPS-I version 1 (SYSV), dynamically linked, interpreter /lib/ld-uClibc.so.0, stripped;08573d308c8c76fac0ffb6afeed0ce21;
/logs/firmware/unblob_extracted/firmware_extract/1446946-7513122.squashfs_v4_le_extract/web/cgi-bin/config/notify_stream.cgi;ELF32;2's complement, big endian;MIPS R3000;0x1007,noreorder,pic,cpic,o32,mips1;  ,GCC: (GNU) 3.3.2,GCC: (GNU) 4.4.5-1.5.5p4,;ELF 32-bit MSB executable, MIPS, MIPS-I version 1 (SYSV), dynamically linked, interpreter /lib/ld-uClibc.so.0, stripped;cb3ad20143cab4e1e2580a59e332de6c;
/logs/firmware/unblob_extracted/firmware_extract/1446946-7513122.squashfs_v4_le_extract/web/cgi-bin/config/stream_auth.cgi;ELF32;2's complement, big endian;MIPS R3000;0x1007,noreorder,pic,cpic,o32,mips1;  ,GCC: (GNU) 3.3.2,GCC: (GNU) 4.4.5-1.5.5p4,;ELF 32-bit MSB executable, MIPS, MIPS-I version 1 (SYSV), dynamically linked, interpreter /lib/ld-uClibc.so.0, stripped;fcca64d9fbcab253c7939c30063ecbaf;
/logs/firmware/unblob_extracted/firmware_extract/1446946-7513122.squashfs_v4_le_extract/web/cgi-bin/config/authconf.cgi;ELF32;2's complement, big endian;MIPS R3000;0x1007,noreorder,pic,cpic,o32,mips1;  ,GCC: (GNU) 3.3.2,GCC: (GNU) 4.4.5-1.5.5p4,;ELF 32-bit MSB executable, MIPS, MIPS-I version 1 (SYSV), dynamically linked, interpreter /lib/ld-uClibc.so.0, stripped;6eacbbab03438d373c1718c7d14a4616;
/logs/firmware/unblob_extracted/firmware_extract/1446946-7513122.squashfs_v4_le_extract/web/cgi-bin/config/audio.cgi;ELF32;2's complement, big endian;MIPS R3000;0x1007,noreorder,pic,cpic,o32,mips1;  ,GCC: (GNU) 3.3.2,GCC: (GNU) 4.4.5-1.5.5p4,;ELF 32-bit MSB executable, MIPS, MIPS-I version 1 (SYSV), dynamically linked, interpreter /lib/ld-uClibc.so.0, stripped;c437ee8956eed2698c34bcf41c415e71;
/logs/firmware/unblob_extracted/firmware_extract/1446946-7513122.squashfs_v4_le_extract/web/cgi-bin/config/network.cgi;ELF32;2's complement, big endian;MIPS R3000;0x1007,noreorder,pic,cpic,o32,mips1;  ,GCC: (GNU) 3.3.2,GCC: (GNU) 4.4.5-1.5.5p4,;ELF 32-bit MSB executable, MIPS, MIPS-I version 1 (SYSV), dynamically linked, interpreter /lib/ld-uClibc.so.0, stripped;718fb8e0aef78e04ae8c0a646c6265b0;
/logs/firmware/unblob_extracted/firmware_extract/1446946-7513122.squashfs_v4_le_extract/web/cgi-bin/config/datetime.cgi;ELF32;2's complement, big endian;MIPS R3000;0x1007,noreorder,pic,cpic,o32,mips1;  ,GCC: (GNU) 3.3.2,GCC: (GNU) 4.4.5-1.5.5p4,;ELF 32-bit MSB executable, MIPS, MIPS-I version 1 (SYSV), dynamically linked, interpreter /lib/ld-uClibc.so.0, stripped;54bb0317462f5cb6dbfeb8c737918ab4;
/logs/firmware/unblob_extracted/firmware_extract/1446946-7513122.squashfs_v4_le_extract/web/cgi-bin/config/system_reset.cgi;ELF32;2's complement, big endian;MIPS R3000;0x1007,noreorder,pic,cpic,o32,mips1;  ,GCC: (GNU) 3.3.2,GCC: (GNU) 4.4.5-1.5.5p4,;ELF 32-bit MSB executable, MIPS, MIPS-I version 1 (SYSV), dynamically linked, interpreter /lib/ld-uClibc.so.0, stripped;446e783b8b9d599eab747939edeec9c1;
/logs/firmware/unblob_extracted/firmware_extract/1446946-7513122.squashfs_v4_le_extract/web/cgi-bin/config/stream_info.cgi;ELF32;2's complement, big endian;MIPS R3000;0x1007,noreorder,pic,cpic,o32,mips1;  ,GCC: (GNU) 3.3.2,GCC: (GNU) 4.4.5-1.5.5p4,;ELF 32-bit MSB executable, MIPS, MIPS-I version 1 (SYSV), dynamically linked, interpreter /lib/ld-uClibc.so.0, stripped;854513bb7cf4e7d217b14e33d50eeaeb;
/logs/firmware/unblob_extracted/firmware_extract/1446946-7513122.squashfs_v4_le_extract/web/cgi-bin/config/led.cgi;ELF32;2's complement, big endian;MIPS R3000;0x1007,noreorder,pic,cpic,o32,mips1;  ,GCC: (GNU) 3.3.2,GCC: (GNU) 4.4.5-1.5.5p4,;ELF 32-bit MSB executable, MIPS, MIPS-I version 1 (SYSV), dynamically linked, interpreter /lib/ld-uClibc.so.0, stripped;2ae11feee0d1a51f64ede4921c8d99ad;
/logs/firmware/unblob_extracted/firmware_extract/1446946-7513122.squashfs_v4_le_extract/web/cgi-bin/config/pppoe.cgi;ELF32;2's complement, big endian;MIPS R3000;0x1007,noreorder,pic,cpic,o32,mips1;  ,GCC: (GNU) 3.3.2,GCC: (GNU) 4.4.5-1.5.5p4,;ELF 32-bit MSB executable, MIPS, MIPS-I version 1 (SYSV), dynamically linked, interpreter /lib/ld-uClibc.so.0, stripped;2273fcce85b465d7a283eba57ef74300;
/logs/firmware/unblob_extracted/firmware_extract/1446946-7513122.squashfs_v4_le_extract/web/cgi-bin/config/httpport.cgi;ELF32;2's complement, big endian;MIPS R3000;0x1007,noreorder,pic,cpic,o32,mips1;  ,GCC: (GNU) 3.3.2,GCC: (GNU) 4.4.5-1.5.5p4,;ELF 32-bit MSB executable, MIPS, MIPS-I version 1 (SYSV), dynamically linked, interpreter /lib/ld-uClibc.so.0, stripped;618126145c6ec6e69c4cd05648b5439f;
/logs/firmware/unblob_extracted/firmware_extract/1446946-7513122.squashfs_v4_le_extract/web/cgi-bin/config/motion.cgi;ELF32;2's complement, big endian;MIPS R3000;0x1007,noreorder,pic,cpic,o32,mips1;  ,GCC: (GNU) 3.3.2,GCC: (GNU) 4.4.5-1.5.5p4,;ELF 32-bit MSB executable, MIPS, MIPS-I version 1 (SYSV), dynamically linked, interpreter /lib/ld-uClibc.so.0, stripped;40273a77b319e17e0a340fbe1c17511e;
/logs/firmware/unblob_extracted/firmware_extract/1446946-7513122.squashfs_v4_le_extract/web/cgi-bin/config/sensor_info.cgi;ELF32;2's complement, big endian;MIPS R3000;0x1007,noreorder,pic,cpic,o32,mips1;  ,GCC: (GNU) 3.3.2,GCC: (GNU) 4.4.5-1.5.5p4,;ELF 32-bit MSB executable, MIPS, MIPS-I version 1 (SYSV), dynamically linked, interpreter /lib/ld-uClibc.so.0, stripped;c23c2dab329ff47ca606e208e6f95cf6;
/logs/firmware/unblob_extracted/firmware_extract/1446946-7513122.squashfs_v4_le_extract/web/cgi-bin/config/sensor_output.cgi;ELF32;2's complement, big endian;MIPS R3000;0x1007,noreorder,pic,cpic,o32,mips1;  ,GCC: (GNU) 3.3.2,GCC: (GNU) 4.4.5-1.5.5p4,;ELF 32-bit MSB executable, MIPS, MIPS-I version 1 (SYSV), dynamically linked, interpreter /lib/ld-uClibc.so.0, stripped;841343d9f900d23f25010ad371e47c42;
/logs/firmware/unblob_extracted/firmware_extract/1446946-7513122.squashfs_v4_le_extract/web/cgi-bin/config/scheduled_reboot.cgi;ELF32;2's complement, big endian;MIPS R3000;0x1007,noreorder,pic,cpic,o32,mips1;  ,GCC: (GNU) 3.3.2,GCC: (GNU) 4.4.5-1.5.5p4,;ELF 32-bit MSB executable, MIPS, MIPS-I version 1 (SYSV), dynamically linked, interpreter /lib/ld-uClibc.so.0, stripped;4a7175d2ef838635e7d0550cccdac863;
/logs/firmware/unblob_extracted/firmware_extract/1446946-7513122.squashfs_v4_le_extract/web/cgi-bin/config/wlansignal.cgi;ELF32;2's complement, big endian;MIPS R3000;0x1007,noreorder,pic,cpic,o32,mips1;  ,GCC: (GNU) 3.3.2,GCC: (GNU) 4.4.5-1.5.5p4,;ELF 32-bit MSB executable, MIPS, MIPS-I version 1 (SYSV), dynamically linked, interpreter /lib/ld-uClibc.so.0, stripped;aaa3ef584f1023f0f8a5e23df33a772d;
/logs/firmware/unblob_extracted/firmware_extract/1446946-7513122.squashfs_v4_le_extract/web/cgi-bin/config/wireless_ap.cgi;ELF32;2's complement, big endian;MIPS R3000;0x1007,noreorder,pic,cpic,o32,mips1;  ,GCC: (GNU) 3.3.2,GCC: (GNU) 4.4.5-1.5.5p4,;ELF 32-bit MSB executable, MIPS, MIPS-I version 1 (SYSV), dynamically linked, interpreter /lib/ld-uClibc.so.0, stripped;a053fa668879a61478693b2848ad183e;
/logs/firmware/unblob_extracted/firmware_extract/1446946-7513122.squashfs_v4_le_extract/web/cgi-bin/config/group_list.cgi;ELF32;2's complement, big endian;MIPS R3000;0x1007,noreorder,pic,cpic,o32,mips1;  ,GCC: (GNU) 3.3.2,GCC: (GNU) 4.4.5-1.5.5p4,;ELF 32-bit MSB executable, MIPS, MIPS-I version 1 (SYSV), dynamically linked, interpreter /lib/ld-uClibc.so.0, stripped;0d2818159876a09f8cc69f2d224de88c;
/logs/firmware/unblob_extracted/firmware_extract/1446946-7513122.squashfs_v4_le_extract/web/cgi-bin/config/rtspurl.cgi;ELF32;2's complement, big endian;MIPS R3000;0x1007,noreorder,pic,cpic,o32,mips1;  ,GCC: (GNU) 3.3.2,GCC: (GNU) 4.4.5-1.5.5p4,;ELF 32-bit MSB executable, MIPS, MIPS-I version 1 (SYSV), dynamically linked, interpreter /lib/ld-uClibc.so.0, stripped;ec30beacef6fa4785dc88a2b2ac6e808;
/logs/firmware/unblob_extracted/firmware_extract/1446946-7513122.squashfs_v4_le_extract/web/cgi-bin/config/sensor.cgi;ELF32;2's complement, big endian;MIPS R3000;0x1007,noreorder,pic,cpic,o32,mips1;  ,GCC: (GNU) 3.3.2,GCC: (GNU) 4.4.5-1.5.5p4,;ELF 32-bit MSB executable, MIPS, MIPS-I version 1 (SYSV), dynamically linked, interpreter /lib/ld-uClibc.so.0, stripped;c9fb3b7e129199780a14e2e8db985928;
/logs/firmware/unblob_extracted/firmware_extract/1446946-7513122.squashfs_v4_le_extract/web/cgi-bin/config/irled.cgi;ELF32;2's complement, big endian;MIPS R3000;0x1007,noreorder,pic,cpic,o32,mips1;  ,GCC: (GNU) 3.3.2,GCC: (GNU) 4.4.5-1.5.5p4,;ELF 32-bit MSB executable, MIPS, MIPS-I version 1 (SYSV), dynamically linked, interpreter /lib/ld-uClibc.so.0, stripped;8f281bfa6ec0334f8ee761efd790d921;
/logs/firmware/unblob_extracted/firmware_extract/1446946-7513122.squashfs_v4_le_extract/web/cgi-bin/config/https.cgi;ELF32;2's complement, big endian;MIPS R3000;0x1007,noreorder,pic,cpic,o32,mips1;  ,GCC: (GNU) 3.3.2,GCC: (GNU) 4.4.5-1.5.5p4,;ELF 32-bit MSB executable, MIPS, MIPS-I version 1 (SYSV), dynamically linked, interpreter /lib/ld-uClibc.so.0, stripped;752bbcece8bc02efe6c82e690d462ab7;
/logs/firmware/unblob_extracted/firmware_extract/1446946-7513122.squashfs_v4_le_extract/web/cgi-bin/config/ddns.cgi;ELF32;2's complement, big endian;MIPS R3000;0x1007,noreorder,pic,cpic,o32,mips1;  ,GCC: (GNU) 3.3.2,GCC: (GNU) 4.4.5-1.5.5p4,;ELF 32-bit MSB executable, MIPS, MIPS-I version 1 (SYSV), dynamically linked, interpreter /lib/ld-uClibc.so.0, stripped;2dfbec66e9dd85e5b3785a7926e09d0d;
/logs/firmware/unblob_extracted/firmware_extract/1446946-7513122.squashfs_v4_le_extract/web/cgi-bin/config/wps.cgi;ELF32;2's complement, big endian;MIPS R3000;0x1007,noreorder,pic,cpic,o32,mips1;  ,GCC: (GNU) 3.3.2,GCC: (GNU) 4.4.5-1.5.5p4,;ELF 32-bit MSB executable, MIPS, MIPS-I version 1 (SYSV), dynamically linked, interpreter /lib/ld-uClibc.so.0, stripped;16d1c53cb5bfd1d070375f15a238175e;
/logs/firmware/unblob_extracted/firmware_extract/1446946-7513122.squashfs_v4_le_extract/web/cgi-bin/config/wireless.cgi;ELF32;2's complement, big endian;MIPS R3000;0x1007,noreorder,pic,cpic,o32,mips1;  ,GCC: (GNU) 3.3.2,GCC: (GNU) 4.4.5-1.5.5p4,;ELF 32-bit MSB executable, MIPS, MIPS-I version 1 (SYSV), dynamically linked, interpreter /lib/ld-uClibc.so.0, stripped;f265050e6697271e877ba00edf1144f8;
/logs/firmware/unblob_extracted/firmware_extract/1446946-7513122.squashfs_v4_le_extract/web/cgi-bin/config/timestamp.cgi;ELF32;2's complement, big endian;MIPS R3000;0x1007,noreorder,pic,cpic,o32,mips1;  ,GCC: (GNU) 3.3.2,GCC: (GNU) 4.4.5-1.5.5p4,;ELF 32-bit MSB executable, MIPS, MIPS-I version 1 (SYSV), dynamically linked, interpreter /lib/ld-uClibc.so.0, stripped;c1266fbfce41683729ce000c67ca61df;
/logs/firmware/unblob_extracted/firmware_extract/1446946-7513122.squashfs_v4_le_extract/web/cgi-bin/config/icr.cgi;ELF32;2's complement, big endian;MIPS R3000;0x1007,noreorder,pic,cpic,o32,mips1;  ,GCC: (GNU) 3.3.2,GCC: (GNU) 4.4.5-1.5.5p4,;ELF 32-bit MSB executable, MIPS, MIPS-I version 1 (SYSV), dynamically linked, interpreter /lib/ld-uClibc.so.0, stripped;c844fce6d4a3d7b2b0b517bc7b5a3070;
/logs/firmware/unblob_extracted/firmware_extract/1446946-7513122.squashfs_v4_le_extract/web/cgi-bin/config/wlansurvey.cgi;ELF32;2's complement, big endian;MIPS R3000;0x1007,noreorder,pic,cpic,o32,mips1;  ,GCC: (GNU) 3.3.2,GCC: (GNU) 4.4.5-1.5.5p4,;ELF 32-bit MSB executable, MIPS, MIPS-I version 1 (SYSV), dynamically linked, interpreter /lib/ld-uClibc.so.0, stripped;6c35e899812e99af1a73b83321c612fc;
/logs/firmware/unblob_extracted/firmware_extract/1446946-7513122.squashfs_v4_le_extract/web/cgi-bin/config/audio_detection.cgi;ELF32;2's complement, big endian;MIPS R3000;0x1007,noreorder,pic,cpic,o32,mips1;  ,GCC: (GNU) 3.3.2,GCC: (GNU) 4.4.5-1.5.5p4,;ELF 32-bit MSB executable, MIPS, MIPS-I version 1 (SYSV), dynamically linked, interpreter /lib/ld-uClibc.so.0, stripped;f9f8a27793dd19f96d650c9cce1cef3d;
/logs/firmware/unblob_extracted/firmware_extract/1446946-7513122.squashfs_v4_le_extract/web/cgi-bin/config/system_reboot.cgi;ELF32;2's complement, big endian;MIPS R3000;0x1007,noreorder,pic,cpic,o32,mips1;  ,GCC: (GNU) 3.3.2,GCC: (GNU) 4.4.5-1.5.5p4,;ELF 32-bit MSB executable, MIPS, MIPS-I version 1 (SYSV), dynamically linked, interpreter /lib/ld-uClibc.so.0, stripped;95834729f19b969272b53f74698e1683;
/logs/firmware/unblob_extracted/firmware_extract/1446946-7513122.squashfs_v4_le_extract/web/cgi-bin/config/user_del.cgi;ELF32;2's complement, big endian;MIPS R3000;0x1007,noreorder,pic,cpic,o32,mips1;  ,GCC: (GNU) 3.3.2,GCC: (GNU) 4.4.5-1.5.5p4,;ELF 32-bit MSB executable, MIPS, MIPS-I version 1 (SYSV), dynamically linked, interpreter /lib/ld-uClibc.so.0, stripped;7db9effd9f491becbb19690780bd7c2f;
/logs/firmware/unblob_extracted/firmware_extract/1446946-7513122.squashfs_v4_le_extract/web/cgi-bin/config/user_list.cgi;ELF32;2's complement, big endian;MIPS R3000;0x1007,noreorder,pic,cpic,o32,mips1;  ,GCC: (GNU) 3.3.2,GCC: (GNU) 4.4.5-1.5.5p4,;ELF 32-bit MSB executable, MIPS, MIPS-I version 1 (SYSV), dynamically linked, interpreter /lib/ld-uClibc.so.0, stripped;008390f50217092ee84470b1f4b15ca5;
/logs/firmware/unblob_extracted/firmware_extract/1446946-7513122.squashfs_v4_le_extract/web/cgi-bin/config/event_log.cgi;ELF32;2's complement, big endian;MIPS R3000;0x1007,noreorder,pic,cpic,o32,mips1;  ,GCC: (GNU) 3.3.2,GCC: (GNU) 4.4.5-1.5.5p4,;ELF 32-bit MSB executable, MIPS, MIPS-I version 1 (SYSV), dynamically linked, interpreter /lib/ld-uClibc.so.0, stripped;144d5c9ad62e85b79458c289fb0fe41b;
/logs/firmware/unblob_extracted/firmware_extract/1446946-7513122.squashfs_v4_le_extract/web/cgi-bin/config/video.cgi;ELF32;2's complement, big endian;MIPS R3000;0x1007,noreorder,pic,cpic,o32,mips1;  ,GCC: (GNU) 3.3.2,GCC: (GNU) 4.4.5-1.5.5p4,;ELF 32-bit MSB executable, MIPS, MIPS-I version 1 (SYSV), dynamically linked, interpreter /lib/ld-uClibc.so.0, stripped;c197e67690d5d7e3f101552f7598cfd6;
/logs/firmware/unblob_extracted/firmware_extract/1446946-7513122.squashfs_v4_le_extract/web/cgi-bin/config/camera_info.cgi;ELF32;2's complement, big endian;MIPS R3000;0x1007,noreorder,pic,cpic,o32,mips1;  ,GCC: (GNU) 3.3.2,GCC: (GNU) 4.4.5-1.5.5p4,;ELF 32-bit MSB executable, MIPS, MIPS-I version 1 (SYSV), dynamically linked, interpreter /lib/ld-uClibc.so.0, stripped;41b29e74730c29c90a6db6af07fb7852;
/logs/firmware/unblob_extracted/firmware_extract/1446946-7513122.squashfs_v4_le_extract/web/cgi-bin/config/video_type.cgi;ELF32;2's complement, big endian;MIPS R3000;0x1007,noreorder,pic,cpic,o32,mips1;  ,GCC: (GNU) 3.3.2,GCC: (GNU) 4.4.5-1.5.5p4,;ELF 32-bit MSB executable, MIPS, MIPS-I version 1 (SYSV), dynamically linked, interpreter /lib/ld-uClibc.so.0, stripped;2ed7716bd800a75cf3ab1a4513980b2d;
/logs/firmware/unblob_extracted/firmware_extract/1446946-7513122.squashfs_v4_le_extract/web/cgi-bin/config/mic.cgi;ELF32;2's complement, big endian;MIPS R3000;0x1007,noreorder,pic,cpic,o32,mips1;  ,GCC: (GNU) 3.3.2,GCC: (GNU) 4.4.5-1.5.5p4,;ELF 32-bit MSB executable, MIPS, MIPS-I version 1 (SYSV), dynamically linked, interpreter /lib/ld-uClibc.so.0, stripped;542791cc900efb253ac037b587888607;
/logs/firmware/unblob_extracted/firmware_extract/1446946-7513122.squashfs_v4_le_extract/web/cgi-bin/config/notify.cgi;ELF32;2's complement, big endian;MIPS R3000;0x1007,noreorder,pic,cpic,o32,mips1;  ,GCC: (GNU) 3.3.2,GCC: (GNU) 4.4.5-1.5.5p4,;ELF 32-bit MSB executable, MIPS, MIPS-I version 1 (SYSV), dynamically linked, interpreter /lib/ld-uClibc.so.0, stripped;caa8d6d9a5b534bf7c6af1e2870adc2b;
/logs/firmware/unblob_extracted/firmware_extract/1446946-7513122.squashfs_v4_le_extract/web/cgi-bin/config/firmwareupgrade.cgi;ELF32;2's complement, big endian;MIPS R3000;0x1007,noreorder,pic,cpic,o32,mips1;  ,GCC: (GNU) 3.3.2,GCC: (GNU) 4.4.5-1.5.5p4,;ELF 32-bit MSB executable, MIPS, MIPS-I version 1 (SYSV), dynamically linked, interpreter /lib/ld-uClibc.so.0, stripped;2193f2a0ffabb97e6d89045099a1704e;
/logs/firmware/unblob_extracted/firmware_extract/1446946-7513122.squashfs_v4_le_extract/web/cgi-bin/common/wlan_sta_status.cgi;ELF32;2's complement, big endian;MIPS R3000;0x1007,noreorder,pic,cpic,o32,mips1;  ,GCC: (GNU) 3.3.2,GCC: (GNU) 4.4.5-1.5.5p4,;ELF 32-bit MSB executable, MIPS, MIPS-I version 1 (SYSV), dynamically linked, interpreter /lib/ld-uClibc.so.0, stripped;d858fb0c618e2c3d105bf64a752d80a4;
/logs/firmware/unblob_extracted/firmware_extract/1446946-7513122.squashfs_v4_le_extract/web/cgi-bin/common/info.cgi;ELF32;2's complement, big endian;MIPS R3000;0x1007,noreorder,pic,cpic,o32,mips1;  ,GCC: (GNU) 3.3.2,GCC: (GNU) 4.4.5-1.5.5p4,;ELF 32-bit MSB executable, MIPS, MIPS-I version 1 (SYSV), dynamically linked, interpreter /lib/ld-uClibc.so.0, stripped;86c1caeb174588a50f8ca64aebeeffd7;
/logs/firmware/unblob_extracted/firmware_extract/1446946-7513122.squashfs_v4_le_extract/web/cgi-bin/video/mjpg.cgi;ELF32;2's complement, big endian;MIPS R3000;0x1007,noreorder,pic,cpic,o32,mips1;  ,GCC: (GNU) 3.3.2,GCC: (GNU) 4.4.5-1.5.5p4,;ELF 32-bit MSB executable, MIPS, MIPS-I version 1 (SYSV), dynamically linked, interpreter /lib/ld-uClibc.so.0, stripped;9cd8be639fa1f4d195e5096e585972c0;
/logs/firmware/unblob_extracted/firmware_extract/1446946-7513122.squashfs_v4_le_extract/web/cgi-bin/video/ACVS-H264.cgi;ELF32;2's complement, big endian;MIPS R3000;0x1007,noreorder,pic,cpic,o32,mips1;  ,GCC: (GNU) 3.3.2,GCC: (GNU) 4.4.5-1.5.5p4,;ELF 32-bit MSB executable, MIPS, MIPS-I version 1 (SYSV), dynamically linked, interpreter /lib/ld-uClibc.so.0, stripped;b3760a212c6c8cfe44f757d816cf8d88;
/logs/firmware/unblob_extracted/firmware_extract/1446946-7513122.squashfs_v4_le_extract/web/cgi-bin/video/video.cgi;ELF32;2's complement, big endian;MIPS R3000;0x1007,noreorder,pic,cpic,o32,mips1;  ,GCC: (GNU) 3.3.2,GCC: (GNU) 4.4.5-1.5.5p4,;ELF 32-bit MSB executable, MIPS, MIPS-I version 1 (SYSV), dynamically linked, interpreter /lib/ld-uClibc.so.0, stripped;fdd3f2e955483461403b47cae024a546;
/logs/firmware/unblob_extracted/firmware_extract/1446946-7513122.squashfs_v4_le_extract/web/cgi-bin/audio/ACAS-ULAW.cgi;ELF32;2's complement, big endian;MIPS R3000;0x1007,noreorder,pic,cpic,o32,mips1;  ,GCC: (GNU) 3.3.2,GCC: (GNU) 4.4.5-1.5.5p4,;ELF 32-bit MSB executable, MIPS, MIPS-I version 1 (SYSV), dynamically linked, interpreter /lib/ld-uClibc.so.0, stripped;a688a28e61afac823951beaaa64f2b86;
/logs/firmware/unblob_extracted/firmware_extract/1446946-7513122.squashfs_v4_le_extract/web/cgi-bin/audio/ACAS-AAC.cgi;ELF32;2's complement, big endian;MIPS R3000;0x1007,noreorder,pic,cpic,o32,mips1;  ,GCC: (GNU) 3.3.2,GCC: (GNU) 4.4.5-1.5.5p4,;ELF 32-bit MSB executable, MIPS, MIPS-I version 1 (SYSV), dynamically linked, interpreter /lib/ld-uClibc.so.0, stripped;5b296b54bdeb5f2415ce7adc95705a1b;
/logs/firmware/unblob_extracted/firmware_extract/1446946-7513122.squashfs_v4_le_extract/web/cgi-bin/audio/audio.cgi;ELF32;2's complement, big endian;MIPS R3000;0x1007,noreorder,pic,cpic,o32,mips1;  ,GCC: (GNU) 3.3.2,GCC: (GNU) 4.4.5-1.5.5p4,;ELF 32-bit MSB executable, MIPS, MIPS-I version 1 (SYSV), dynamically linked, interpreter /lib/ld-uClibc.so.0, stripped;31fe5a6fc2a2ad97242076ba87ed63e6;
/logs/firmware/unblob_extracted/firmware_extract/1446946-7513122.squashfs_v4_le_extract/web/cgi-bin/audio/ACAS.cgi;ELF32;2's complement, big endian;MIPS R3000;0x1007,noreorder,pic,cpic,o32,mips1;  ,GCC: (GNU) 3.3.2,GCC: (GNU) 4.4.5-1.5.5p4,;ELF 32-bit MSB executable, MIPS, MIPS-I version 1 (SYSV), dynamically linked, interpreter /lib/ld-uClibc.so.0, stripped;b4519d4edea829fee9f337331d66e427;
/logs/firmware/unblob_extracted/firmware_extract/1446946-7513122.squashfs_v4_le_extract/web/cgi-bin/users/env_sound_lv.cgi;ELF32;2's complement, big endian;MIPS R3000;0x1007,noreorder,pic,cpic,o32,mips1;  ,GCC: (GNU) 3.3.2,GCC: (GNU) 4.4.5-1.5.5p4,;ELF 32-bit MSB executable, MIPS, MIPS-I version 1 (SYSV), dynamically linked, interpreter /lib/ld-uClibc.so.0, stripped;7d090c5db0cc6bdb331f2e7befd38a8e;
/logs/firmware/unblob_extracted/firmware_extract/1446946-7513122.squashfs_v4_le_extract/web/cgi-bin/users/verify.cgi;ELF32;2's complement, big endian;MIPS R3000;0x1007,noreorder,pic,cpic,o32,mips1;  ,GCC: (GNU) 3.3.2,GCC: (GNU) 4.4.5-1.5.5p4,;ELF 32-bit MSB executable, MIPS, MIPS-I version 1 (SYSV), dynamically linked, interpreter /lib/ld-uClibc.so.0, stripped;2aed6f8d79d6b2ea011965f8a14000b3;
/logs/firmware/unblob_extracted/firmware_extract/1446946-7513122.squashfs_v4_le_extract/web/cgi-bin/localrecording/unlockprofile.cgi;ELF32;2's complement, big endian;MIPS R3000;0x1007,noreorder,pic,cpic,o32,mips1;  ,GCC: (GNU) 3.3.2,GCC: (GNU) 4.4.5-1.5.5p4,;ELF 32-bit MSB executable, MIPS, MIPS-I version 1 (SYSV), dynamically linked, interpreter /lib/ld-uClibc.so.0, stripped;7391dc7e43284e72d585ccd63d3a7fc2;
/logs/firmware/unblob_extracted/firmware_extract/1446946-7513122.squashfs_v4_le_extract/web/cgi-bin/localrecording/setconf.cgi;ELF32;2's complement, big endian;MIPS R3000;0x1007,noreorder,pic,cpic,o32,mips1;  ,GCC: (GNU) 3.3.2,GCC: (GNU) 4.4.5-1.5.5p4,;ELF 32-bit MSB executable, MIPS, MIPS-I version 1 (SYSV), dynamically linked, interpreter /lib/ld-uClibc.so.0, stripped;00de9950c3ac7c8d2508948145534d9e;
/logs/firmware/unblob_extracted/firmware_extract/1446946-7513122.squashfs_v4_le_extract/web/cgi-bin/localrecording/autodiscover.cgi;ELF32;2's complement, big endian;MIPS R3000;0x1007,noreorder,pic,cpic,o32,mips1;  ,GCC: (GNU) 3.3.2,GCC: (GNU) 4.4.5-1.5.5p4,;ELF 32-bit MSB executable, MIPS, MIPS-I version 1 (SYSV), dynamically linked, interpreter /lib/ld-uClibc.so.0, stripped;b371f124a76c73dd39aa184ce0506800;
/logs/firmware/unblob_extracted/firmware_extract/1446946-7513122.squashfs_v4_le_extract/web/cgi-bin/localrecording/lockprofile.cgi;ELF32;2's complement, big endian;MIPS R3000;0x1007,noreorder,pic,cpic,o32,mips1;  ,GCC: (GNU) 3.3.2,GCC: (GNU) 4.4.5-1.5.5p4,;ELF 32-bit MSB executable, MIPS, MIPS-I version 1 (SYSV), dynamically linked, interpreter /lib/ld-uClibc.so.0, stripped;c934096e41c701655c371e823c93e3c5;
/logs/firmware/unblob_extracted/firmware_extract/1446946-7513122.squashfs_v4_le_extract/web/cgi-bin/localrecording/queryconf.cgi;ELF32;2's complement, big endian;MIPS R3000;0x1007,noreorder,pic,cpic,o32,mips1;  ,GCC: (GNU) 3.3.2,GCC: (GNU) 4.4.5-1.5.5p4,;ELF 32-bit MSB executable, MIPS, MIPS-I version 1 (SYSV), dynamically linked, interpreter /lib/ld-uClibc.so.0, stripped;32c5e8b7c93cd8509b5f2978c2439b4c;
/logs/firmware/unblob_extracted/firmware_extract/1446946-7513122.squashfs_v4_le_extract/web/cgi-bin/localrecording/unbindsetting.cgi;ELF32;2's complement, big endian;MIPS R3000;0x1007,noreorder,pic,cpic,o32,mips1;  ,GCC: (GNU) 3.3.2,GCC: (GNU) 4.4.5-1.5.5p4,;ELF 32-bit MSB executable, MIPS, MIPS-I version 1 (SYSV), dynamically linked, interpreter /lib/ld-uClibc.so.0, stripped;43806d2cc0cfb1656eb9c1b5db53028c;
/logs/firmware/unblob_extracted/firmware_extract/1446946-7513122.squashfs_v4_le_extract/web/cgi-bin/image/jpeg.cgi;ELF32;2's complement, big endian;MIPS R3000;0x1007,noreorder,pic,cpic,o32,mips1;  ,GCC: (GNU) 3.3.2,GCC: (GNU) 4.4.5-1.5.5p4,;ELF 32-bit MSB executable, MIPS, MIPS-I version 1 (SYSV), dynamically linked, interpreter /lib/ld-uClibc.so.0, stripped;17660ac1f952c7e8abb3e7818bde1987;
/logs/firmware/unblob_extracted/firmware_extract/1446946-7513122.squashfs_v4_le_extract/web/cgi-bin/greece/rhea;ELF32;2's complement, big endian;MIPS R3000;0x1007,noreorder,pic,cpic,o32,mips1;  ,GCC: (GNU) 3.3.2,GCC: (GNU) 4.4.5-1.5.5p4,;ELF 32-bit MSB executable, MIPS, MIPS-I version 1 (SYSV), dynamically linked, interpreter /lib/ld-uClibc.so.0, stripped;99b5caad92e0e22bc8ea3fd87c765cd7;
/logs/firmware/unblob_extracted/firmware_extract/1446946-7513122.squashfs_v4_le_extract/web/cgi-bin/greece/zeus;ELF32;2's complement, big endian;MIPS R3000;0x1007,noreorder,pic,cpic,o32,mips1;  ,GCC: (GNU) 3.3.2,GCC: (GNU) 4.4.5-1.5.5p4,;ELF 32-bit MSB executable, MIPS, MIPS-I version 1 (SYSV), dynamically linked, interpreter /lib/ld-uClibc.so.0, stripped;04062e9fb9dbed79acc118f20e3355ff;
/logs/firmware/unblob_extracted/firmware_extract/1446946-7513122.squashfs_v4_le_extract/web/cgi-bin/hnap/hnap_service;ELF32;2's complement, big endian;MIPS R3000;0x1007,noreorder,pic,cpic,o32,mips1;  ,GCC: (GNU) 3.3.2,GCC: (GNU) 4.4.5-1.5.5p4,;ELF 32-bit MSB executable, MIPS, MIPS-I version 1 (SYSV), dynamically linked, interpreter /lib/ld-uClibc.so.0, stripped;4f6d66c68b4df2c795aec87ef847e79f;
/logs/firmware/unblob_extracted/firmware_extract/1446946-7513122.squashfs_v4_le_extract/web/cgi-bin/sounddb.cgi;ELF32;2's complement, big endian;MIPS R3000;0x1007,noreorder,pic,cpic,o32,mips1;  ,GCC: (GNU) 3.3.2,GCC: (GNU) 4.4.5-1.5.5p4,;ELF 32-bit MSB executable, MIPS, MIPS-I version 1 (SYSV), dynamically linked, interpreter /lib/ld-uClibc.so.0, stripped;6c57230ae6fd6c636d2bed43f1a76ec9;
/logs/firmware/unblob_extracted/firmware_extract/1446946-7513122.squashfs_v4_le_extract/web/cgi-bin/cgi/wgetheader.cgi;ELF32;2's complement, big endian;MIPS R3000;0x1007,noreorder,pic,cpic,o32,mips1;  ,GCC: (GNU) 3.3.2,GCC: (GNU) 4.4.5-1.5.5p4,;ELF 32-bit MSB executable, MIPS, MIPS-I version 1 (SYSV), dynamically linked, interpreter /lib/ld-uClibc.so.0, stripped;34e3c0fbca6edd6cffdc714d7a2b3c12;
/logs/firmware/unblob_extracted/firmware_extract/1446946-7513122.squashfs_v4_le_extract/web/cgi-bin/cgi/ad.cgi;ELF32;2's complement, big endian;MIPS R3000;0x1007,noreorder,pic,cpic,o32,mips1;  ,GCC: (GNU) 3.3.2,GCC: (GNU) 4.4.5-1.5.5p4,;ELF 32-bit MSB executable, MIPS, MIPS-I version 1 (SYSV), dynamically linked, interpreter /lib/ld-uClibc.so.0, stripped;d647d8620d24509aab485f160c8a9fdb;
/logs/firmware/unblob_extracted/firmware_extract/1446946-7513122.squashfs_v4_le_extract/web/cgi-bin/cgi/backup.cgi;ELF32;2's complement, big endian;MIPS R3000;0x1007,noreorder,pic,cpic,o32,mips1;  ,GCC: (GNU) 3.3.2,GCC: (GNU) 4.4.5-1.5.5p4,;ELF 32-bit MSB executable, MIPS, MIPS-I version 1 (SYSV), dynamically linked, interpreter /lib/ld-uClibc.so.0, stripped;34bd518bff8792c1cad35b84b3d22be8;
/logs/firmware/unblob_extracted/firmware_extract/1446946-7513122.squashfs_v4_le_extract/web/cgi-bin/cgi/mjpg/mjpg.cgi;ELF32;2's complement, big endian;MIPS R3000;0x1007,noreorder,pic,cpic,o32,mips1;  ,GCC: (GNU) 3.3.2,GCC: (GNU) 4.4.5-1.5.5p4,;ELF 32-bit MSB executable, MIPS, MIPS-I version 1 (SYSV), dynamically linked, interpreter /lib/ld-uClibc.so.0, stripped;1bc7610218ff6ccc26ec01682e5b6487;
/logs/firmware/unblob_extracted/firmware_extract/1446946-7513122.squashfs_v4_le_extract/web/cgi-bin/cgi/mjpg/mjpeg.cgi;ELF32;2's complement, big endian;MIPS R3000;0x1007,noreorder,pic,cpic,o32,mips1;  ,GCC: (GNU) 3.3.2,GCC: (GNU) 4.4.5-1.5.5p4,;ELF 32-bit MSB executable, MIPS, MIPS-I version 1 (SYSV), dynamically linked, interpreter /lib/ld-uClibc.so.0, stripped;adebf1abb6c5f4c3a0b181de8bc36b4e;
/logs/firmware/unblob_extracted/firmware_extract/1446946-7513122.squashfs_v4_le_extract/web/cgi-bin/cgi/whardfactorydefault.cgi;ELF32;2's complement, big endian;MIPS R3000;0x1007,noreorder,pic,cpic,o32,mips1;  ,GCC: (GNU) 3.3.2,GCC: (GNU) 4.4.5-1.5.5p4,;ELF 32-bit MSB executable, MIPS, MIPS-I version 1 (SYSV), dynamically linked, interpreter /lib/ld-uClibc.so.0, stripped;fe0a78a32ffdf082b59e2509e380a80d;
/logs/firmware/unblob_extracted/firmware_extract/1446946-7513122.squashfs_v4_le_extract/web/cgi-bin/cgi/tools.cgi;ELF32;2's complement, big endian;MIPS R3000;0x1007,noreorder,pic,cpic,o32,mips1;  ,GCC: (GNU) 3.3.2,GCC: (GNU) 4.4.5-1.5.5p4,;ELF 32-bit MSB executable, MIPS, MIPS-I version 1 (SYSV), dynamically linked, interpreter /lib/ld-uClibc.so.0, stripped;9b6e5e6552e9e96d546d69452b3b3eb0;
/logs/firmware/unblob_extracted/firmware_extract/1446946-7513122.squashfs_v4_le_extract/web/cgi-bin/cgi/serverreport.cgi;ELF32;2's complement, big endian;MIPS R3000;0x1007,noreorder,pic,cpic,o32,mips1;  ,GCC: (GNU) 3.3.2,GCC: (GNU) 4.4.5-1.5.5p4,;ELF 32-bit MSB executable, MIPS, MIPS-I version 1 (SYSV), dynamically linked, interpreter /lib/ld-uClibc.so.0, stripped;6ca42d2164b3c674062afb34d3cc28d4;
/logs/firmware/unblob_extracted/firmware_extract/1446946-7513122.squashfs_v4_le_extract/web/cgi-bin/cgi/eventrecording.cgi;ELF32;2's complement, big endian;MIPS R3000;0x1007,noreorder,pic,cpic,o32,mips1;  ,GCC: (GNU) 3.3.2,GCC: (GNU) 4.4.5-1.5.5p4,;ELF 32-bit MSB executable, MIPS, MIPS-I version 1 (SYSV), dynamically linked, interpreter /lib/ld-uClibc.so.0, stripped;ff305b422e9b4afa43b9762bf63a57e4;
/logs/firmware/unblob_extracted/firmware_extract/1446946-7513122.squashfs_v4_le_extract/web/cgi-bin/cgi/email.cgi;ELF32;2's complement, big endian;MIPS R3000;0x1007,noreorder,pic,cpic,o32,mips1;  ,GCC: (GNU) 3.3.2,GCC: (GNU) 4.4.5-1.5.5p4,;ELF 32-bit MSB executable, MIPS, MIPS-I version 1 (SYSV), dynamically linked, interpreter /lib/ld-uClibc.so.0, stripped;3396b41d679d3caf25455f0403d6d245;
/logs/firmware/unblob_extracted/firmware_extract/1446946-7513122.squashfs_v4_le_extract/web/cgi-bin/cgi/network.cgi;ELF32;2's complement, big endian;MIPS R3000;0x1007,noreorder,pic,cpic,o32,mips1;  ,GCC: (GNU) 3.3.2,GCC: (GNU) 4.4.5-1.5.5p4,;ELF 32-bit MSB executable, MIPS, MIPS-I version 1 (SYSV), dynamically linked, interpreter /lib/ld-uClibc.so.0, stripped;a697c65af29bce1784c2646be9b22389;
/logs/firmware/unblob_extracted/firmware_extract/1446946-7513122.squashfs_v4_le_extract/web/cgi-bin/cgi/wad.cgi;ELF32;2's complement, big endian;MIPS R3000;0x1007,noreorder,pic,cpic,o32,mips1;  ,GCC: (GNU) 3.3.2,GCC: (GNU) 4.4.5-1.5.5p4,;ELF 32-bit MSB executable, MIPS, MIPS-I version 1 (SYSV), dynamically linked, interpreter /lib/ld-uClibc.so.0, stripped;c179953a1954864430ba7afe31e2d583;
/logs/firmware/unblob_extracted/firmware_extract/1446946-7513122.squashfs_v4_le_extract/web/cgi-bin/cgi/wifichannel.cgi;ELF32;2's complement, big endian;MIPS R3000;0x1007,noreorder,pic,cpic,o32,mips1;  ,GCC: (GNU) 3.3.2,GCC: (GNU) 4.4.5-1.5.5p4,;ELF 32-bit MSB executable, MIPS, MIPS-I version 1 (SYSV), dynamically linked, interpreter /lib/ld-uClibc.so.0, stripped;c0945e0b7df86a6722133728e77f886f;
/logs/firmware/unblob_extracted/firmware_extract/1446946-7513122.squashfs_v4_le_extract/web/cgi-bin/cgi/serverSetting.cgi;ELF32;2's complement, big endian;MIPS R3000;0x1007,noreorder,pic,cpic,o32,mips1;  ,GCC: (GNU) 3.3.2,GCC: (GNU) 4.4.5-1.5.5p4,;ELF 32-bit MSB executable, MIPS, MIPS-I version 1 (SYSV), dynamically linked, interpreter /lib/ld-uClibc.so.0, stripped;165213936c97537c1e19a58ad5b91f95;
/logs/firmware/unblob_extracted/firmware_extract/1446946-7513122.squashfs_v4_le_extract/web/cgi-bin/cgi/audio/audio.cgi;ELF32;2's complement, big endian;MIPS R3000;0x1007,noreorder,pic,cpic,o32,mips1;  ,GCC: (GNU) 3.3.2,GCC: (GNU) 4.4.5-1.5.5p4,;ELF 32-bit MSB executable, MIPS, MIPS-I version 1 (SYSV), dynamically linked, interpreter /lib/ld-uClibc.so.0, stripped;9f02807e8654a481ffab8a14c14da49d;
/logs/firmware/unblob_extracted/firmware_extract/1446946-7513122.squashfs_v4_le_extract/web/cgi-bin/cgi/wireless_ext.cgi;ELF32;2's complement, big endian;MIPS R3000;0x1007,noreorder,pic,cpic,o32,mips1;  ,GCC: (GNU) 3.3.2,GCC: (GNU) 4.4.5-1.5.5p4,;ELF 32-bit MSB executable, MIPS, MIPS-I version 1 (SYSV), dynamically linked, interpreter /lib/ld-uClibc.so.0, stripped;97d2189b8caa1a190151aeac463ff056;
/logs/firmware/unblob_extracted/firmware_extract/1446946-7513122.squashfs_v4_le_extract/web/cgi-bin/cgi/camera.cgi;ELF32;2's complement, big endian;MIPS R3000;0x1007,noreorder,pic,cpic,o32,mips1;  ,GCC: (GNU) 3.3.2,GCC: (GNU) 4.4.5-1.5.5p4,;ELF 32-bit MSB executable, MIPS, MIPS-I version 1 (SYSV), dynamically linked, interpreter /lib/ld-uClibc.so.0, stripped;69e287a03353258f15e770c67f6ce8a6;
/logs/firmware/unblob_extracted/firmware_extract/1446946-7513122.squashfs_v4_le_extract/web/cgi-bin/cgi/image.cgi;ELF32;2's complement, big endian;MIPS R3000;0x1007,noreorder,pic,cpic,o32,mips1;  ,GCC: (GNU) 3.3.2,GCC: (GNU) 4.4.5-1.5.5p4,;ELF 32-bit MSB executable, MIPS, MIPS-I version 1 (SYSV), dynamically linked, interpreter /lib/ld-uClibc.so.0, stripped;93c5d5ab081b5331831036f4028fa1f6;
/logs/firmware/unblob_extracted/firmware_extract/1446946-7513122.squashfs_v4_le_extract/web/cgi-bin/cgi/param.cgi;ELF32;2's complement, big endian;MIPS R3000;0x1007,noreorder,pic,cpic,o32,mips1;  ,GCC: (GNU) 3.3.2,GCC: (GNU) 4.4.5-1.5.5p4,;ELF 32-bit MSB executable, MIPS, MIPS-I version 1 (SYSV), dynamically linked, interpreter /lib/ld-uClibc.so.0, stripped;fe954580bad89570a0274107525552cc;
/logs/firmware/unblob_extracted/firmware_extract/1446946-7513122.squashfs_v4_le_extract/web/cgi-bin/cgi/finish.cgi;ELF32;2's complement, big endian;MIPS R3000;0x1007,noreorder,pic,cpic,o32,mips1;  ,GCC: (GNU) 3.3.2,GCC: (GNU) 4.4.5-1.5.5p4,;ELF 32-bit MSB executable, MIPS, MIPS-I version 1 (SYSV), dynamically linked, interpreter /lib/ld-uClibc.so.0, stripped;65a22bcf00635f45c3b5c30186b1a198;
/logs/firmware/unblob_extracted/firmware_extract/1446946-7513122.squashfs_v4_le_extract/web/cgi-bin/cgi/motion.cgi;ELF32;2's complement, big endian;MIPS R3000;0x1007,noreorder,pic,cpic,o32,mips1;  ,GCC: (GNU) 3.3.2,GCC: (GNU) 4.4.5-1.5.5p4,;ELF 32-bit MSB executable, MIPS, MIPS-I version 1 (SYSV), dynamically linked, interpreter /lib/ld-uClibc.so.0, stripped;12c4da07d2a697a13443ade482a0653b;
/logs/firmware/unblob_extracted/firmware_extract/1446946-7513122.squashfs_v4_le_extract/web/cgi-bin/cgi/wpwdgrp.cgi;ELF32;2's complement, big endian;MIPS R3000;0x1007,noreorder,pic,cpic,o32,mips1;  ,GCC: (GNU) 3.3.2,GCC: (GNU) 4.4.5-1.5.5p4,;ELF 32-bit MSB executable, MIPS, MIPS-I version 1 (SYSV), dynamically linked, interpreter /lib/ld-uClibc.so.0, stripped;404a53a90eab46df2f69498b286873d6;
/logs/firmware/unblob_extracted/firmware_extract/1446946-7513122.squashfs_v4_le_extract/web/cgi-bin/cgi/scheduleReboot.cgi;ELF32;2's complement, big endian;MIPS R3000;0x1007,noreorder,pic,cpic,o32,mips1;  ,GCC: (GNU) 3.3.2,GCC: (GNU) 4.4.5-1.5.5p4,;ELF 32-bit MSB executable, MIPS, MIPS-I version 1 (SYSV), dynamically linked, interpreter /lib/ld-uClibc.so.0, stripped;83c1c249fde242b78ba5f19bdaccbac5;
/logs/firmware/unblob_extracted/firmware_extract/1446946-7513122.squashfs_v4_le_extract/web/cgi-bin/cgi/wrestart.cgi;ELF32;2's complement, big endian;MIPS R3000;0x1007,noreorder,pic,cpic,o32,mips1;  ,GCC: (GNU) 3.3.2,GCC: (GNU) 4.4.5-1.5.5p4,;ELF 32-bit MSB executable, MIPS, MIPS-I version 1 (SYSV), dynamically linked, interpreter /lib/ld-uClibc.so.0, stripped;88d7d1f0f554cfef25a11cf5173d2bd8;
/logs/firmware/unblob_extracted/firmware_extract/1446946-7513122.squashfs_v4_le_extract/web/cgi-bin/cgi/dayMode.cgi;ELF32;2's complement, big endian;MIPS R3000;0x1007,noreorder,pic,cpic,o32,mips1;  ,GCC: (GNU) 3.3.2,GCC: (GNU) 4.4.5-1.5.5p4,;ELF 32-bit MSB executable, MIPS, MIPS-I version 1 (SYSV), dynamically linked, interpreter /lib/ld-uClibc.so.0, stripped;48a7cc7779f17dba9d1b3721ca4f165e;
/logs/firmware/unblob_extracted/firmware_extract/1446946-7513122.squashfs_v4_le_extract/web/cgi-bin/cgi/update.cgi;ELF32;2's complement, big endian;MIPS R3000;0x1007,noreorder,pic,cpic,o32,mips1;  ,GCC: (GNU) 3.3.2,GCC: (GNU) 4.4.5-1.5.5p4,;ELF 32-bit MSB executable, MIPS, MIPS-I version 1 (SYSV), dynamically linked, interpreter /lib/ld-uClibc.so.0, stripped;81721b03eb0f8bba5142a2367829424d;
/logs/firmware/unblob_extracted/firmware_extract/1446946-7513122.squashfs_v4_le_extract/web/cgi-bin/cgi/restart.cgi;ELF32;2's complement, big endian;MIPS R3000;0x1007,noreorder,pic,cpic,o32,mips1;  ,GCC: (GNU) 3.3.2,GCC: (GNU) 4.4.5-1.5.5p4,;ELF 32-bit MSB executable, MIPS, MIPS-I version 1 (SYSV), dynamically linked, interpreter /lib/ld-uClibc.so.0, stripped;452cf880c4336656e77e410da3ea0a9a;
/logs/firmware/unblob_extracted/firmware_extract/1446946-7513122.squashfs_v4_le_extract/web/cgi-bin/cgi/audiovideo.cgi;ELF32;2's complement, big endian;MIPS R3000;0x1007,noreorder,pic,cpic,o32,mips1;  ,GCC: (GNU) 3.3.2,GCC: (GNU) 4.4.5-1.5.5p4,;ELF 32-bit MSB executable, MIPS, MIPS-I version 1 (SYSV), dynamically linked, interpreter /lib/ld-uClibc.so.0, stripped;8b69a282fcd69996b7eb5f1908e73364;
/logs/firmware/unblob_extracted/firmware_extract/1446946-7513122.squashfs_v4_le_extract/web/cgi-bin/cgi/RTS5826.cgi;ELF32;2's complement, big endian;MIPS R3000;0x1007,noreorder,pic,cpic,o32,mips1;  ,GCC: (GNU) 3.3.2,GCC: (GNU) 4.4.5-1.5.5p4,;ELF 32-bit MSB executable, MIPS, MIPS-I version 1 (SYSV), dynamically linked, interpreter /lib/ld-uClibc.so.0, stripped;b48a1a975588a06a1e413c395d226bff;
/logs/firmware/unblob_extracted/firmware_extract/1446946-7513122.squashfs_v4_le_extract/web/cgi-bin/cgi/ddns.cgi;ELF32;2's complement, big endian;MIPS R3000;0x1007,noreorder,pic,cpic,o32,mips1;  ,GCC: (GNU) 3.3.2,GCC: (GNU) 4.4.5-1.5.5p4,;ELF 32-bit MSB executable, MIPS, MIPS-I version 1 (SYSV), dynamically linked, interpreter /lib/ld-uClibc.so.0, stripped;0e8b03bc6b2e7f2bd346b898a72aaafc;
/logs/firmware/unblob_extracted/firmware_extract/1446946-7513122.squashfs_v4_le_extract/web/cgi-bin/cgi/wireless.cgi;ELF32;2's complement, big endian;MIPS R3000;0x1007,noreorder,pic,cpic,o32,mips1;  ,GCC: (GNU) 3.3.2,GCC: (GNU) 4.4.5-1.5.5p4,;ELF 32-bit MSB executable, MIPS, MIPS-I version 1 (SYSV), dynamically linked, interpreter /lib/ld-uClibc.so.0, stripped;313dfcf83e6c767a2b4a95487c39ea8c;
/logs/firmware/unblob_extracted/firmware_extract/1446946-7513122.squashfs_v4_le_extract/web/cgi-bin/cgi/h264/h264.cgi;ELF32;2's complement, big endian;MIPS R3000;0x1007,noreorder,pic,cpic,o32,mips1;  ,GCC: (GNU) 3.3.2,GCC: (GNU) 4.4.5-1.5.5p4,;ELF 32-bit MSB executable, MIPS, MIPS-I version 1 (SYSV), dynamically linked, interpreter /lib/ld-uClibc.so.0, stripped;8cf7a8c42997491cef731d516edd8943;
/logs/firmware/unblob_extracted/firmware_extract/1446946-7513122.squashfs_v4_le_extract/web/cgi-bin/cgi/viewer.cgi;ELF32;2's complement, big endian;MIPS R3000;0x1007,noreorder,pic,cpic,o32,mips1;  ,GCC: (GNU) 3.3.2,GCC: (GNU) 4.4.5-1.5.5p4,;ELF 32-bit MSB executable, MIPS, MIPS-I version 1 (SYSV), dynamically linked, interpreter /lib/ld-uClibc.so.0, stripped;6b8f3c24f81e74bd2661b37032342ebb;
/logs/firmware/unblob_extracted/firmware_extract/1446946-7513122.squashfs_v4_le_extract/web/cgi-bin/cgi/eventsnapshot.cgi;ELF32;2's complement, big endian;MIPS R3000;0x1007,noreorder,pic,cpic,o32,mips1;  ,GCC: (GNU) 3.3.2,GCC: (GNU) 4.4.5-1.5.5p4,;ELF 32-bit MSB executable, MIPS, MIPS-I version 1 (SYSV), dynamically linked, interpreter /lib/ld-uClibc.so.0, stripped;4b326230d59c3e894294bf4a10b25112;
/logs/firmware/unblob_extracted/firmware_extract/1446946-7513122.squashfs_v4_le_extract/web/cgi-bin/cgi/restore.cgi;ELF32;2's complement, big endian;MIPS R3000;0x1007,noreorder,pic,cpic,o32,mips1;  ,GCC: (GNU) 3.3.2,GCC: (GNU) 4.4.5-1.5.5p4,;ELF 32-bit MSB executable, MIPS, MIPS-I version 1 (SYSV), dynamically linked, interpreter /lib/ld-uClibc.so.0, stripped;0f6f1feb9f04ecdad2e364173513d1a9;
/logs/firmware/unblob_extracted/firmware_extract/1446946-7513122.squashfs_v4_le_extract/web/cgi-bin/cgi/query/query.cgi;ELF32;2's complement, big endian;MIPS R3000;0x1007,noreorder,pic,cpic,o32,mips1;  ,GCC: (GNU) 3.3.2,GCC: (GNU) 4.4.5-1.5.5p4,;ELF 32-bit MSB executable, MIPS, MIPS-I version 1 (SYSV), dynamically linked, interpreter /lib/ld-uClibc.so.0, stripped;fcb6c4c06d75d26bbd82b1e064e81f5c;
/logs/firmware/unblob_extracted/firmware_extract/1446946-7513122.squashfs_v4_le_extract/web/cgi-bin/cgi/wsitesurvey.cgi;ELF32;2's complement, big endian;MIPS R3000;0x1007,noreorder,pic,cpic,o32,mips1;  ,GCC: (GNU) 3.3.2,GCC: (GNU) 4.4.5-1.5.5p4,;ELF 32-bit MSB executable, MIPS, MIPS-I version 1 (SYSV), dynamically linked, interpreter /lib/ld-uClibc.so.0, stripped;3d36d1f2f3f9eb2916eda35b57bfa20e;
/logs/firmware/unblob_extracted/firmware_extract/1446946-7513122.squashfs_v4_le_extract/web/cgi-bin/cgi/unittest.cgi;ELF32;2's complement, big endian;MIPS R3000;0x1007,noreorder,pic,cpic,o32,mips1;  ,GCC: (GNU) 3.3.2,GCC: (GNU) 4.4.5-1.5.5p4,;ELF 32-bit MSB executable, MIPS, MIPS-I version 1 (SYSV), dynamically linked, interpreter /lib/ld-uClibc.so.0, stripped;033539a2c562ab075532edc63a425624;
/logs/firmware/unblob_extracted/firmware_extract/1446946-7513122.squashfs_v4_le_extract/web/cgi-bin/cgi/admin/videoclip.cgi;ELF32;2's complement, big endian;MIPS R3000;0x1007,noreorder,pic,cpic,o32,mips1;  ,GCC: (GNU) 3.3.2,GCC: (GNU) 4.4.5-1.5.5p4,;ELF 32-bit MSB executable, MIPS, MIPS-I version 1 (SYSV), dynamically linked, interpreter /lib/ld-uClibc.so.0, stripped;e48f1c6ed7c0e046bf8c827060d09e88;
/logs/firmware/unblob_extracted/firmware_extract/1446946-7513122.squashfs_v4_le_extract/web/cgi-bin/cgi/admin/adv_snapshot_cont.cgi;ELF32;2's complement, big endian;MIPS R3000;0x1007,noreorder,pic,cpic,o32,mips1;  ,GCC: (GNU) 3.3.2,GCC: (GNU) 4.4.5-1.5.5p4,;ELF 32-bit MSB executable, MIPS, MIPS-I version 1 (SYSV), dynamically linked, interpreter /lib/ld-uClibc.so.0, stripped;f015ff81a4464f12e0739cbaa4c5458c;
/logs/firmware/unblob_extracted/firmware_extract/1446946-7513122.squashfs_v4_le_extract/web/cgi-bin/cgi/wdatetime.cgi;ELF32;2's complement, big endian;MIPS R3000;0x1007,noreorder,pic,cpic,o32,mips1;  ,GCC: (GNU) 3.3.2,GCC: (GNU) 4.4.5-1.5.5p4,;ELF 32-bit MSB executable, MIPS, MIPS-I version 1 (SYSV), dynamically linked, interpreter /lib/ld-uClibc.so.0, stripped;f96de936690901fa6f5fdc0108ee62b5;
/logs/firmware/unblob_extracted/firmware_extract/1446946-7513122.squashfs_v4_le_extract/web/cgi-bin/cgi/smartwizard.cgi;ELF32;2's complement, big endian;MIPS R3000;0x1007,noreorder,pic,cpic,o32,mips1;  ,GCC: (GNU) 3.3.2,GCC: (GNU) 4.4.5-1.5.5p4,;ELF 32-bit MSB executable, MIPS, MIPS-I version 1 (SYSV), dynamically linked, interpreter /lib/ld-uClibc.so.0, stripped;293ff36095164d02e2dc8189142d438b;
/logs/firmware/unblob_extracted/firmware_extract/1446946-7513122.squashfs_v4_le_extract/web/cgi-bin/cgi/testserv.cgi;ELF32;2's complement, big endian;MIPS R3000;0x1007,noreorder,pic,cpic,o32,mips1;  ,GCC: (GNU) 3.3.2,GCC: (GNU) 4.4.5-1.5.5p4,;ELF 32-bit MSB executable, MIPS, MIPS-I version 1 (SYSV), dynamically linked, interpreter /lib/ld-uClibc.so.0, stripped;4c8c364fd494829397a0f6ec74ebd0c5;
/logs/firmware/unblob_extracted/firmware_extract/1446946-7513122.squashfs_v4_le_extract/web/cgi-bin/cgi/factorydefault.cgi;ELF32;2's complement, big endian;MIPS R3000;0x1007,noreorder,pic,cpic,o32,mips1;  ,GCC: (GNU) 3.3.2,GCC: (GNU) 4.4.5-1.5.5p4,;ELF 32-bit MSB executable, MIPS, MIPS-I version 1 (SYSV), dynamically linked, interpreter /lib/ld-uClibc.so.0, stripped;d0ba1083f8e46e1efbd69dd5d97f4a62;
/logs/firmware/unblob_extracted/firmware_extract/1446946-7513122.squashfs_v4_le_extract/web/cgi-bin/cgi/hardfactorydefault.cgi;ELF32;2's complement, big endian;MIPS R3000;0x1007,noreorder,pic,cpic,o32,mips1;  ,GCC: (GNU) 3.3.2,GCC: (GNU) 4.4.5-1.5.5p4,;ELF 32-bit MSB executable, MIPS, MIPS-I version 1 (SYSV), dynamically linked, interpreter /lib/ld-uClibc.so.0, stripped;09d2727caf476bce3e19f84d916d4436;
/logs/firmware/unblob_extracted/firmware_extract/1446946-7513122.squashfs_v4_le_extract/web/cgi-bin/cgi/firmwareupgrade.cgi;ELF32;2's complement, big endian;MIPS R3000;0x1007,noreorder,pic,cpic,o32,mips1;  ,GCC: (GNU) 3.3.2,GCC: (GNU) 4.4.5-1.5.5p4,;ELF 32-bit MSB executable, MIPS, MIPS-I version 1 (SYSV), dynamically linked, interpreter /lib/ld-uClibc.so.0, stripped;be744cf0e06c2bb1322258229fc3a069;
/logs/firmware/unblob_extracted/firmware_extract/1446946-7513122.squashfs_v4_le_extract/web/cgi-bin/cgi/ftp.cgi;ELF32;2's complement, big endian;MIPS R3000;0x1007,noreorder,pic,cpic,o32,mips1;  ,GCC: (GNU) 3.3.2,GCC: (GNU) 4.4.5-1.5.5p4,;ELF 32-bit MSB executable, MIPS, MIPS-I version 1 (SYSV), dynamically linked, interpreter /lib/ld-uClibc.so.0, stripped;85d818fa2f8ff75feb63cd8e109e0a23;
/logs/firmware/unblob_extracted/firmware_extract/1446946-7513122.squashfs_v4_le_extract/bin/curl;ELF32;2's complement, big endian;MIPS R3000;0x1007,noreorder,pic,cpic,o32,mips1;  ,GCC: (GNU) 3.3.2,GCC: (GNU) 4.4.5-1.5.5p4,;ELF 32-bit MSB executable, MIPS, MIPS-I version 1 (SYSV), dynamically linked, interpreter /lib/ld-uClibc.so.0, stripped;4af026002037eb7ce1d4c6f2f6649ab7;
/logs/firmware/unblob_extracted/firmware_extract/1446946-7513122.squashfs_v4_le_extract/bin/wscd;ELF32;2's complement, big endian;MIPS R3000;0x1007,noreorder,pic,cpic,o32,mips1;  ,GCC: (GNU) 3.3.2,GCC: (GNU) 4.4.5-1.5.5p4,;ELF 32-bit MSB executable, MIPS, MIPS-I version 1 (SYSV), dynamically linked, interpreter /lib/ld-uClibc.so.0, stripped;f4f3d398f68244ee82aba76a3c82c39c;
/logs/firmware/unblob_extracted/firmware_extract/1446946-7513122.squashfs_v4_le_extract/bin/stunnel;ELF32;2's complement, big endian;MIPS R3000;0x1007,noreorder,pic,cpic,o32,mips1;  ,GCC: (GNU) 3.3.2,GCC: (GNU) 4.4.5-1.5.5p4,;ELF 32-bit MSB executable, MIPS, MIPS-I version 1 (SYSV), dynamically linked, interpreter /lib/ld-uClibc.so.0, stripped;029a7b8ff405f065944aedd9902a9d9b;
/logs/firmware/unblob_extracted/firmware_extract/1446946-7513122.squashfs_v4_le_extract/bin/busybox;ELF32;2's complement, big endian;MIPS R3000;0x1007,noreorder,pic,cpic,o32,mips1;;ELF 32-bit MSB executable, MIPS, MIPS-I version 1 (SYSV), statically linked, stripped;ed1507cec3458e51b73b26e4c34bf4e3;
